{
  "train": {
    "0": {
      "precision": 0.0,
      "recall": 0.0,
      "f1-score": 0.0,
      "support": 140
    },
    "1": {
      "precision": 0.0,
      "recall": 0.0,
      "f1-score": 0.0,
      "support": 140
    },
    "2": {
      "precision": 0.041666666666666664,
      "recall": 0.014285714285714285,
      "f1-score": 0.02127659574468085,
      "support": 140
    },
    "3": {
      "precision": 0.0,
      "recall": 0.0,
      "f1-score": 0.0,
      "support": 140
    },
    "4": {
      "precision": 0.0,
      "recall": 0.0,
      "f1-score": 0.0,
      "support": 140
    },
    "5": {
      "precision": 0.0,
      "recall": 0.0,
      "f1-score": 0.0,
      "support": 140
    },
    "6": {
      "precision": 0.0,
      "recall": 0.0,
      "f1-score": 0.0,
      "support": 140
    },
    "7": {
      "precision": 0.0,
      "recall": 0.0,
      "f1-score": 0.0,
      "support": 140
    },
    "8": {
      "precision": 0.0,
      "recall": 0.0,
      "f1-score": 0.0,
      "support": 140
    },
    "9": {
      "precision": 0.0,
      "recall": 0.0,
      "f1-score": 0.0,
      "support": 140
    },
    "10": {
      "precision": 0.0,
      "recall": 0.0,
      "f1-score": 0.0,
      "support": 140
    },
    "11": {
      "precision": 0.0,
      "recall": 0.0,
      "f1-score": 0.0,
      "support": 140
    },
    "12": {
      "precision": 0.03664921465968586,
      "recall": 0.05,
      "f1-score": 0.04229607250755287,
      "support": 140
    },
    "13": {
      "precision": 0.0,
      "recall": 0.0,
      "f1-score": 0.0,
      "support": 140
    },
    "14": {
      "precision": 0.08053691275167785,
      "recall": 0.17142857142857143,
      "f1-score": 0.1095890410958904,
      "support": 140
    },
    "15": {
      "precision": 0.0,
      "recall": 0.0,
      "f1-score": 0.0,
      "support": 140
    },
    "16": {
      "precision": 0.0,
      "recall": 0.0,
      "f1-score": 0.0,
      "support": 140
    },
    "17": {
      "precision": 0.0,
      "recall": 0.0,
      "f1-score": 0.0,
      "support": 140
    },
    "18": {
      "precision": 0.0,
      "recall": 0.0,
      "f1-score": 0.0,
      "support": 140
    },
    "19": {
      "precision": 0.0,
      "recall": 0.0,
      "f1-score": 0.0,
      "support": 140
    },
    "20": {
      "precision": 0.04952215464813206,
      "recall": 0.40714285714285714,
      "f1-score": 0.08830364058869095,
      "support": 140
    },
    "21": {
      "precision": 0.0,
      "recall": 0.0,
      "f1-score": 0.0,
      "support": 140
    },
    "22": {
      "precision": 0.0,
      "recall": 0.0,
      "f1-score": 0.0,
      "support": 140
    },
    "23": {
      "precision": 0.0354735721887194,
      "recall": 0.7142857142857143,
      "f1-score": 0.06759040216289286,
      "support": 140
    },
    "24": {
      "precision": 0.06666666666666667,
      "recall": 0.007142857142857143,
      "f1-score": 0.012903225806451613,
      "support": 140
    },
    "25": {
      "precision": 0.044444444444444446,
      "recall": 0.014285714285714285,
      "f1-score": 0.021621621621621623,
      "support": 140
    },
    "26": {
      "precision": 0.0,
      "recall": 0.0,
      "f1-score": 0.0,
      "support": 140
    },
    "27": {
      "precision": 0.0,
      "recall": 0.0,
      "f1-score": 0.0,
      "support": 140
    },
    "28": {
      "precision": 0.3333333333333333,
      "recall": 0.007142857142857143,
      "f1-score": 0.013986013986013986,
      "support": 140
    },
    "29": {
      "precision": 0.0,
      "recall": 0.0,
      "f1-score": 0.0,
      "support": 140
    },
    "30": {
      "precision": 0.0,
      "recall": 0.0,
      "f1-score": 0.0,
      "support": 140
    },
    "31": {
      "precision": 0.5,
      "recall": 0.014285714285714285,
      "f1-score": 0.02777777777777778,
      "support": 140
    },
    "32": {
      "precision": 0.0,
      "recall": 0.0,
      "f1-score": 0.0,
      "support": 140
    },
    "accuracy": 0.04242424242424243,
    "macro avg": {
      "precision": 0.0360088777381614,
      "recall": 0.04242424242424242,
      "f1-score": 0.012283163372471907,
      "support": 4620
    },
    "weighted avg": {
      "precision": 0.0360088777381614,
      "recall": 0.04242424242424243,
      "f1-score": 0.012283163372471905,
      "support": 4620
    }
  },
  "val": {
    "0": {
      "precision": 0.0,
      "recall": 0.0,
      "f1-score": 0.0,
      "support": 20
    },
    "1": {
      "precision": 0.0,
      "recall": 0.0,
      "f1-score": 0.0,
      "support": 20
    },
    "2": {
      "precision": 0.0,
      "recall": 0.0,
      "f1-score": 0.0,
      "support": 20
    },
    "3": {
      "precision": 0.0,
      "recall": 0.0,
      "f1-score": 0.0,
      "support": 20
    },
    "4": {
      "precision": 0.0,
      "recall": 0.0,
      "f1-score": 0.0,
      "support": 20
    },
    "5": {
      "precision": 0.0,
      "recall": 0.0,
      "f1-score": 0.0,
      "support": 20
    },
    "6": {
      "precision": 0.0,
      "recall": 0.0,
      "f1-score": 0.0,
      "support": 20
    },
    "7": {
      "precision": 0.0,
      "recall": 0.0,
      "f1-score": 0.0,
      "support": 20
    },
    "8": {
      "precision": 0.0,
      "recall": 0.0,
      "f1-score": 0.0,
      "support": 20
    },
    "9": {
      "precision": 0.0,
      "recall": 0.0,
      "f1-score": 0.0,
      "support": 20
    },
    "10": {
      "precision": 0.0,
      "recall": 0.0,
      "f1-score": 0.0,
      "support": 20
    },
    "11": {
      "precision": 0.0,
      "recall": 0.0,
      "f1-score": 0.0,
      "support": 20
    },
    "12": {
      "precision": 0.03571428571428571,
      "recall": 0.15,
      "f1-score": 0.05769230769230768,
      "support": 20
    },
    "13": {
      "precision": 0.0,
      "recall": 0.0,
      "f1-score": 0.0,
      "support": 20
    },
    "14": {
      "precision": 0.06153846153846154,
      "recall": 0.2,
      "f1-score": 0.09411764705882354,
      "support": 20
    },
    "15": {
      "precision": 0.0,
      "recall": 0.0,
      "f1-score": 0.0,
      "support": 20
    },
    "16": {
      "precision": 0.0,
      "recall": 0.0,
      "f1-score": 0.0,
      "support": 20
    },
    "17": {
      "precision": 0.0,
      "recall": 0.0,
      "f1-score": 0.0,
      "support": 20
    },
    "18": {
      "precision": 0.0,
      "recall": 0.0,
      "f1-score": 0.0,
      "support": 20
    },
    "19": {
      "precision": 0.0,
      "recall": 0.0,
      "f1-score": 0.0,
      "support": 20
    },
    "20": {
      "precision": 0.030837004405286344,
      "recall": 0.35,
      "f1-score": 0.05668016194331983,
      "support": 20
    },
    "21": {
      "precision": 0.0,
      "recall": 0.0,
      "f1-score": 0.0,
      "support": 20
    },
    "22": {
      "precision": 0.0,
      "recall": 0.0,
      "f1-score": 0.0,
      "support": 20
    },
    "23": {
      "precision": 0.03461538461538462,
      "recall": 0.45,
      "f1-score": 0.0642857142857143,
      "support": 20
    },
    "24": {
      "precision": 0.0,
      "recall": 0.0,
      "f1-score": 0.0,
      "support": 20
    },
    "25": {
      "precision": 0.0,
      "recall": 0.0,
      "f1-score": 0.0,
      "support": 20
    },
    "26": {
      "precision": 0.0,
      "recall": 0.0,
      "f1-score": 0.0,
      "support": 20
    },
    "27": {
      "precision": 0.0,
      "recall": 0.0,
      "f1-score": 0.0,
      "support": 20
    },
    "28": {
      "precision": 0.0,
      "recall": 0.0,
      "f1-score": 0.0,
      "support": 20
    },
    "29": {
      "precision": 0.0,
      "recall": 0.0,
      "f1-score": 0.0,
      "support": 20
    },
    "30": {
      "precision": 0.0,
      "recall": 0.0,
      "f1-score": 0.0,
      "support": 20
    },
    "31": {
      "precision": 0.0,
      "recall": 0.0,
      "f1-score": 0.0,
      "support": 20
    },
    "32": {
      "precision": 0.0,
      "recall": 0.0,
      "f1-score": 0.0,