{
  "train": {
    "loss": 4.280228439966837,
    "acc": 0.04242424242424243,
    "timeuse": 64.76651644706726,
    "Weighted_Precision": 0.0360088777381614,
    "Balanced_acc": 0.04242424242424242,
    "f1_micro": 0.04242424242424243,
    "f1_macro": 0.012283163372471907,
    "f1_weighted": 0.012283163372471905,
    "Top_3_acc": 0.12207792207792208,
    "Top_5_acc": 0.20303030303030303,
    "Top_10_acc": 0.39935064935064934,
    "roc_auc_score(ovr)": 0.6230518997371676,
    "roc_auc_score(ovo)": 0.6230518997371677
  },
  "val": {
    "loss": 4.432956874731815,
    "acc": 0.03484848484848485,
    "timeuse": 8.09015679359436,
    "Weighted_Precision": 0.004930458674952067,
    "Balanced_acc": 0.034848484848484844,
    "f1_micro": 0.03484848484848485,
    "f1_macro": 0.008265934272126222,
    "f1_weighted": 0.008265934272126222,
    "Top_3_acc": 0.10151515151515152,
    "Top_5_acc": 0.18787878787878787,
    "Top_10_acc": 0.353030303030303,
    "roc_auc_score(ovr)": 0.5972573390151514,
    "roc_auc_score(ovo)": 0.5972573390151514
  },
  "test": {
    "loss": 4.372284932570024,
    "acc": 0.04393939393939394,
    "timeuse": 16.334633111953735,
    "Weighted_Precision": 0.007139600911832141,
    "Balanced_acc": 0.04393939393939394,
    "f1_micro": 0.04393939393939394,
    "f1_macro": 0.011821368810391772,
    "f1_weighted": 0.01182136881039177,
    "Top_3_acc": 0.11287878787878788,
    "Top_5_acc": 0.19772727272727272,
    "Top_10_acc": 0.375,
    "roc_auc_score(ovr)": 0.6099544270833333,
    "roc_auc_score(ovo)": 0.6099544270833334
  }
}