{
  "train": {
    "0": {
      "precision": 0.9387576552930884,
      "recall": 0.7508747375787264,
      "f1-score": 0.8343701399688959,
      "support": 1429
    },
    "1": {
      "precision": 0.5424564063684609,
      "recall": 0.640268456375839,
      "f1-score": 0.5873178739995896,
      "support": 2235
    },
    "2": {
      "precision": 0.6375,
      "recall": 0.41092211280214863,
      "f1-score": 0.4997278170930866,
      "support": 2234
    },
    "3": {
      "precision": 0.7651982378854626,
      "recall": 0.7757927646270657,
      "f1-score": 0.7704590818363274,
      "support": 2239
    },
    "4": {
      "precision": 0.7963800904977375,
      "recall": 0.41929720071471116,
      "f1-score": 0.5493562231759657,
      "support": 1679
    },
    "5": {
      "precision": 0.7225312934631433,
      "recall": 0.6867151354923992,
      "f1-score": 0.7041680786174178,
      "support": 1513
    },
    "6": {
      "precision": 0.8981723237597912,
      "recall": 0.8210023866348448,
      "f1-score": 0.85785536159601,
      "support": 1676
    },
    "7": {
      "precision": 0.6339044183949504,
      "recall": 0.8369047619047619,
      "f1-score": 0.7213955874807594,
      "support": 1680
    },
    "8": {
      "precision": 0.876410531972058,
      "recall": 0.7310623038995966,
      "f1-score": 0.7971652003910068,
      "support": 2231
    },
    "9": {
      "precision": 0.7922403003754693,
      "recall": 0.8400796284007963,
      "f1-score": 0.8154589371980677,
      "support": 1507
    },
    "10": {
      "precision": 0.8657599053814311,
      "recall": 0.6621438263229308,
      "f1-score": 0.7503844182470528,
      "support": 2211
    },
    "11": {
      "precision": 0.6296043656207367,
      "recall": 0.8244752121482805,
      "f1-score": 0.7139818216979309,
      "support": 2239
    },
    "12": {
      "precision": 0.7085852478839177,
      "recall": 0.6992840095465394,
      "f1-score": 0.7039039039039039,
      "support": 1676
    },
    "13": {
      "precision": 0.664804469273743,
      "recall": 0.8505062537224538,
      "f1-score": 0.746276456754638,
      "support": 1679
    },
    "14": {
      "precision": 0.5857011915673694,
      "recall": 0.7625298329355609,
      "f1-score": 0.6625194401244169,
      "support": 1676
    },
    "15": {
      "precision": 0.532603025560772,
      "recall": 0.6081000595592615,
      "f1-score": 0.567853170189099,
      "support": 1679
    },
    "16": {
      "precision": 0.48601540332387516,
      "recall": 0.7141155449672424,
      "f1-score": 0.5783888084901109,
      "support": 1679
    },
    "17": {
      "precision": 0.5588035350101972,
      "recall": 0.36943820224719104,
      "f1-score": 0.4448051948051948,
      "support": 2225
    },
    "18": {
      "precision": 0.7955112219451371,
      "recall": 0.8575268817204301,
      "f1-score": 0.8253557567917206,
      "support": 1488
    },
    "19": {
      "precision": 0.4514314928425358,
      "recall": 0.566025641025641,
      "f1-score": 0.5022753128555176,
      "support": 1560
    },
    "20": {
      "precision": 0.49575070821529743,
      "recall": 0.5540479421076436,
      "f1-score": 0.523280649295173,
      "support": 2211
    },
    "21": {
      "precision": 0.7939882697947214,
      "recall": 0.6636029411764706,
      "f1-score": 0.7229639519359146,
      "support": 1632
    },
    "22": {
      "precision": 0.9054497701904136,
      "recall": 0.8208333333333333,
      "f1-score": 0.8610677489853262,
      "support": 1680
    },
    "23": {
      "precision": 0.8647140864714087,
      "recall": 0.7389749702026222,
      "f1-score": 0.7969151670951157,
      "support": 1678
    },
    "24": {
      "precision": 0.8323400874056416,
      "recall": 0.9356855739169272,
      "f1-score": 0.8809924306139613,
      "support": 2239
    },
    "25": {
      "precision": 0.6410510659395141,
      "recall": 0.8240917782026769,
      "f1-score": 0.7211377579475738,
      "support": 1569
    },
    "26": {
      "precision": 0.8964451313755796,
      "recall": 0.6921241050119332,
      "f1-score": 0.7811447811447811,
      "support": 1676
    },
    "27": {
      "precision": 0.8717586044318718,
      "recall": 0.8258150960250111,
      "f1-score": 0.8481651376146788,
      "support": 2239
    },
    "28": {
      "precision": 0.8349644128113879,
      "recall": 0.8383206788744976,
      "f1-score": 0.8366391798529084,
      "support": 2239
    },
    "29": {
      "precision": 0.6265560165975104,
      "recall": 0.6069673961589995,
      "f1-score": 0.6166061705989112,
      "support": 2239
    },
    "30": {
      "precision": 0.8575949367088608,
      "recall": 0.72751677852349,
      "f1-score": 0.7872185911401598,
      "support": 2235
    },
    "31": {
      "precision": 0.9508272058823529,
      "recall": 0.9236607142857143,
      "f1-score": 0.9370471014492754,
      "support": 2240
    },
    "32": {
      "precision": 0.8685762426284751,
      "recall": 0.9221824686940966,
      "f1-score": 0.8945770065075921,
      "support": 2236
    },
    "accuracy": 0.7228802196398927,
    "macro avg": {
      "precision": 0.737042050147664,
      "recall": 0.7242693554284799,
      "f1-score": 0.722447704830245,
      "support": 62648
    },
    "weighted avg": {
      "precision": 0.7381050159019902,
      "recall": 0.7228802196398927,
      "f1-score": 0.7225041969113096,
      "support": 62648
    }
  },
  "val": {
    "0": {
      "precision": 0.8353658536585366,
      "recall": 0.6715686274509803,
      "f1-score": 0.7445652173913043,
      "support": 204
    },
    "1": {
      "precision": 0.4463768115942029,
      "recall": 0.4827586206896552,
      "f1-score": 0.463855421686747,
      "support": 319
    },
    "2": {
      "precision": 0.4541284403669725,
      "recall": 0.3103448275862069,
      "f1-score": 0.3687150837988827,
      "support": 319
    },
    "3": {
      "precision": 0.6719745222929936,
      "recall": 0.659375,
      "f1-score": 0.6656151419558359,
      "support": 320
    },
    "4": {
      "precision": 0.6456692913385826,
      "recall": 0.3416666666666667,
      "f1-score": 0.44686648501362397,
      "support": 240
    },
    "5": {
      "precision": 0.5652173913043478,
      "recall": 0.6018518518518519,
      "f1-score": 0.5829596412556053,
      "support": 216
    },
    "6": {
      "precision": 0.8151658767772512,
      "recall": 0.7166666666666667,
      "f1-score": 0.7627494456762749,
      "support": 240
    },
    "7": {
      "precision": 0.5962145110410094,
      "recall": 0.7875,
      "f1-score": 0.6786355475763016,
      "support": 240
    },
    "8": {
      "precision": 0.84688995215311,
      "recall": 0.554858934169279,
      "f1-score": 0.6704545454545454,
      "support": 319
    },
    "9": {
      "precision": 0.7440758293838863,
      "recall": 0.7302325581395349,
      "f1-score": 0.7370892018779343,
      "support": 215
    },
    "10": {
      "precision": 0.7442922374429224,
      "recall": 0.5158227848101266,
      "f1-score": 0.6093457943925232,
      "support": 316
    },
    "11": {
      "precision": 0.5742574257425742,
      "recall": 0.725,
      "f1-score": 0.6408839779005525,
      "support": 320
    },
    "12": {
      "precision": 0.5900900900900901,
      "recall": 0.5458333333333333,
      "f1-score": 0.567099567099567,
      "support": 240
    },
    "13": {
      "precision": 0.5134328358208955,
      "recall": 0.7166666666666667,
      "f1-score": 0.5982608695652173,
      "support": 240
    },
    "14": {
      "precision": 0.4731182795698925,
      "recall": 0.7333333333333333,
      "f1-score": 0.5751633986928104,
      "support": 240
    },
    "15": {
      "precision": 0.4409722222222222,
      "recall": 0.5291666666666667,
      "f1-score": 0.481060606060606,
      "support": 240
    },
    "16": {
      "precision": 0.38571428571428573,
      "recall": 0.5625,
      "f1-score": 0.45762711864406785,
      "support": 240
    },