{
  "train": {
    "loss": 2.2704073964775384,
    "acc": 0.3493795093795094,
    "timeuse": 266.25513076782227,
    "Weighted_Precision": 0.4110350061169085,
    "Balanced_acc": 0.3493795093795094,
    "f1_micro": 0.3493795093795094,
    "f1_macro": 0.3391389637570123,
    "f1_weighted": 0.33913896375701225,
    "Top_3_acc": 0.5806926406926407,
    "Top_5_acc": 0.6961327561327562,
    "Top_10_acc": 0.8495815295815295,
    "roc_auc_score(ovr)": 0.8740772654263727,
    "roc_auc_score(ovo)": 0.8740772654263727
  },
  "val": {
    "loss": 2.4089940726154984,
    "acc": 0.31212121212121213,
    "timeuse": 44.441565990448,
    "Weighted_Precision": 0.3524363655001866,
    "Balanced_acc": 0.31212121212121213,
    "f1_micro": 0.31212121212121213,
    "f1_macro": 0.29946904762390725,
    "f1_weighted": 0.2994690476239073,
    "Top_3_acc": 0.5521212121212121,
    "Top_5_acc": 0.6622222222222223,
    "Top_10_acc": 0.8286868686868687,
    "roc_auc_score(ovr)": 0.8592422348484848,
    "roc_auc_score(ovo)": 0.8592422348484848
  },
  "test": {
    "loss": 2.390204031058032,
    "acc": 0.3280808080808081,
    "timeuse": 70.76086211204529,
    "Weighted_Precision": 0.37385614992987126,
    "Balanced_acc": 0.3280808080808081,
    "f1_micro": 0.3280808080808081,
    "f1_macro": 0.3140735503004891,
    "f1_weighted": 0.3140735503004891,
    "Top_3_acc": 0.555050505050505,
    "Top_5_acc": 0.6690909090909091,
    "Top_10_acc": 0.8286868686868687,
    "roc_auc_score(ovr)": 0.8588649726430977,
    "roc_auc_score(ovo)": 0.8588649726430977
  }
}