{
  "train": {
    "loss": 2.4013743354128554,
    "acc": 0.300995670995671,
    "timeuse": 352.8331079483032,
    "Weighted_Precision": 0.31540348507129495,
    "Balanced_acc": 0.300995670995671,
    "f1_micro": 0.300995670995671,
    "f1_macro": 0.286004225232653,
    "f1_weighted": 0.28600422523265295,
    "Top_3_acc": 0.5431601731601732,
    "Top_5_acc": 0.6659307359307359,
    "Top_10_acc": 0.8315367965367966,
    "roc_auc_score(ovr)": 0.8571915927450525,
    "roc_auc_score(ovo)": 0.8571915927450525
  },
  "val": {
    "loss": 2.4754161834716797,
    "acc": 0.2777272727272727,
    "timeuse": 47.234835624694824,
    "Weighted_Precision": 0.29590971962302115,
    "Balanced_acc": 0.27772727272727277,
    "f1_micro": 0.2777272727272727,
    "f1_macro": 0.25968219637623935,
    "f1_weighted": 0.25968219637623935,
    "Top_3_acc": 0.5259090909090909,
    "Top_5_acc": 0.6475757575757576,
    "Top_10_acc": 0.8215151515151515,
    "roc_auc_score(ovr)": 0.848936943655303,
    "roc_auc_score(ovo)": 0.848936943655303
  },
  "test": {
    "loss": 2.4704557539838734,
    "acc": 0.2815151515151515,
    "timeuse": 94.40567326545715,
    "Weighted_Precision": 0.29320475214927444,
    "Balanced_acc": 0.28151515151515155,
    "f1_micro": 0.2815151515151515,
    "f1_macro": 0.2623474796128827,
    "f1_weighted": 0.2623474796128827,
    "Top_3_acc": 0.5284848484848484,
    "Top_5_acc": 0.6534848484848484,
    "Top_10_acc": 0.82,
    "roc_auc_score(ovr)": 0.8503869554924242,
    "roc_auc_score(ovo)": 0.8503869554924242
  }
}