{
  "train": {
    "0": {
      "precision": 0.44870565675934804,
      "recall": 0.3342857142857143,
      "f1-score": 0.38313548915268114,
      "support": 1400
    },
    "1": {
      "precision": 0.19225967540574282,
      "recall": 0.22,
      "f1-score": 0.20519653564290471,
      "support": 1400
    },
    "2": {
      "precision": 0.3,
      "recall": 0.06428571428571428,
      "f1-score": 0.10588235294117647,
      "support": 1400
    },
    "3": {
      "precision": 0.3842135809634359,
      "recall": 0.47285714285714286,
      "f1-score": 0.4239513288504643,
      "support": 1400
    },
    "4": {
      "precision": 0.24814356435643564,
      "recall": 0.2864285714285714,
      "f1-score": 0.26591511936339524,
      "support": 1400
    },
    "5": {
      "precision": 0.37199124726477023,
      "recall": 0.24285714285714285,
      "f1-score": 0.2938634399308557,
      "support": 1400
    },
    "6": {
      "precision": 0.2578434908041832,
      "recall": 0.5107142857142857,
      "f1-score": 0.3426791277258567,
      "support": 1400
    },
    "7": {
      "precision": 0.22165952473704714,
      "recall": 0.4064285714285714,
      "f1-score": 0.2868666498613562,
      "support": 1400
    },
    "8": {
      "precision": 0.17526731752673175,
      "recall": 0.2692857142857143,
      "f1-score": 0.21233455364686005,
      "support": 1400
    },
    "9": {
      "precision": 0.33732136922565636,
      "recall": 0.725,
      "f1-score": 0.4604218643683375,
      "support": 1400
    },
    "10": {
      "precision": 0.18717011774259035,
      "recall": 0.3292857142857143,
      "f1-score": 0.23867460522909661,
      "support": 1400
    },
    "11": {
      "precision": 0.273015873015873,
      "recall": 0.18428571428571427,
      "f1-score": 0.2200426439232409,
      "support": 1400
    },
    "12": {
      "precision": 0.29978118161925604,
      "recall": 0.1957142857142857,
      "f1-score": 0.23681936041486604,
      "support": 1400
    },
    "13": {
      "precision": 0.4717832957110609,
      "recall": 0.2985714285714286,
      "f1-score": 0.3657042869641295,
      "support": 1400
    },
    "14": {
      "precision": 0.3031640912435614,
      "recall": 0.29428571428571426,
      "f1-score": 0.29865893439652047,
      "support": 1400
    },
    "15": {
      "precision": 0.4266666666666667,
      "recall": 0.045714285714285714,
      "f1-score": 0.08258064516129032,
      "support": 1400
    },
    "16": {
      "precision": 0.21506276150627615,
      "recall": 0.18357142857142858,
      "f1-score": 0.1980732177263969,
      "support": 1400
    },
    "17": {
      "precision": 0.16838046272493573,
      "recall": 0.09357142857142857,
      "f1-score": 0.12029384756657482,
      "support": 1400
    },
    "18": {
      "precision": 0.38108882521489973,
      "recall": 0.475,
      "f1-score": 0.42289348171701113,
      "support": 1400
    },
    "19": {
      "precision": 0.25024533856722275,
      "recall": 0.18214285714285713,
      "f1-score": 0.21083092186854072,
      "support": 1400
    },
    "20": {
      "precision": 0.18830769230769231,
      "recall": 0.21857142857142858,
      "f1-score": 0.20231404958677685,
      "support": 1400
    },
    "21": {
      "precision": 0.251953125,
      "recall": 0.09214285714285714,
      "f1-score": 0.13493723849372385,
      "support": 1400
    },
    "22": {
      "precision": 0.39255014326647564,
      "recall": 0.3914285714285714,
      "f1-score": 0.39198855507868385,
      "support": 1400
    },
    "23": {
      "precision": 0.279445727482679,
      "recall": 0.3457142857142857,
      "f1-score": 0.3090676883780332,
      "support": 1400
    },
    "24": {
      "precision": 0.5791666666666667,
      "recall": 0.39714285714285713,
      "f1-score": 0.4711864406779661,
      "support": 1400
    },
    "25": {
      "precision": 0.38392857142857145,
      "recall": 0.5221428571428571,
      "f1-score": 0.4424939467312348,
      "support": 1400
    },
    "26": {
      "precision": 0.34387672343876724,
      "recall": 0.3028571428571429,
      "f1-score": 0.3220660843144702,
      "support": 1400
    },
    "27": {
      "precision": 0.4234895539243365,
      "recall": 0.5357142857142857,
      "f1-score": 0.47303689687795647,
      "support": 1400
    },
    "28": {
      "precision": 0.33745247148288976,
      "recall": 0.25357142857142856,
      "f1-score": 0.28955954323001637,
      "support": 1400
    },
    "29": {
      "precision": 0.1623578076525336,
      "recall": 0.11214285714285714,
      "f1-score": 0.13265737220109844,
      "support": 1400
    },
    "30": {
      "precision": 0.24839400428265523,
      "recall": 0.08285714285714285,
      "f1-score": 0.1242635243706481,
      "support": 1400
    },
    "31": {
      "precision": 0.6073717948717948,
      "recall": 0.27071428571428574,
      "f1-score": 0.37450592885375494,
      "support": 1400
    },
    "32": {
      "precision": 0.2962566844919786,
      "recall": 0.5935714285714285,
      "f1-score": 0.39524375743162904,
      "support": 1400
    },
    "accuracy": 0.300995670995671,
    "macro avg": {
      "precision": 0.315403485071295,
      "recall": 0.300995670995671,
      "f1-score": 0.286004225232653,
      "support": 46200
    },
    "weighted avg": {
      "precision": 0.31540348507129495,
      "recall": 0.300995670995671,
      "f1-score": 0.28600422523265295,
      "support": 46200
    }
  },
  "val": {
    "0": {
      "precision": 0.25,
      "recall": 0.49,
      "f1-score": 0.3310810810810811,
      "support": 200
    },
    "1": {
      "precision": 0.17105263157894737,
      "recall": 0.195,
      "f1-score": 0.18224299065420563,
      "support": 200
    },
    "2": {
      "precision": 0.36585365853658536,
      "recall": 0.075,
      "f1-score": 0.12448132780082988,
      "support": 200
    },
    "3": {
      "precision": 0.38461538461538464,
      "recall": 0.45,
      "f1-score": 0.4147465437788019,
      "support": 200
    },
    "4": {
      "precision": 0.26136363636363635,
      "recall": 0.23,
      "f1-score": 0.2446808510638298,
      "support": 200
    },
    "5": {
      "precision": 0.34408602150537637,
      "recall": 0.16,
      "f1-score": 0.21843003412969283,
      "support": 200
    },
    "6": {
      "precision": 0.2350230414746544,
      "recall": 0.51,
      "f1-score": 0.32176656151419564,
      "support": 200
    },
    "7": {
      "precision": 0.2096317280453258,
      "recall": 0.37,
      "f1-score": 0.267631103074141,
      "support": 200
    },
    "8": {
      "precision": 0.19834710743801653,
      "recall": 0.24,
      "f1-score": 0.21719457013574658,
      "support": 200
    },
    "9": {
      "precision": 0.38591549295774646,
      "recall": 0.685,
      "f1-score": 0.4936936936936937,
      "support": 200
    },
    "10": {
      "precision": 0.12093023255813953,
      "recall": 0.13,
      "f1-score": 0.12530120481927712,
      "support": 200
    },
    "11": {
      "precision": 0.21226415094339623,
      "recall": 0.225,
      "f1-score": 0.2184466019417476,
      "support": 200
    },
    "12": {
      "precision": 0.3058823529411765,
      "recall": 0.13,
      "f1-score": 0.1824561403508772,
      "support": 200
    },
    "13": {
      "precision": 0.48484848484848486,
      "recall": 0.24,
      "f1-score": 0.3210702341137124,
      "support": 200
    },
    "14": {
      "precision": 0.33,
      "recall": 0.33,
      "f1-score": 0.33,
      "support": 200
    },
    "15": {
      "precision": 0.36363636363636365,
      "recall": 0.04,
      "f1-score": 0.07207207207207207,
      "support": 200
    },
    "16": {
      "precision": 0.19548872180451127,
      "recall": 0.13,
      "f1-score": 0.15615615615615616,
      "support": 200
    },
    "17": {
      "precision": 0.165,
      "recall": 0.165,
      "f1-score": 0.165,
      "support": 200
    },
    "18": {
      "precision": 0.29213483146067415,
      "recall": 0.52,