{
  "train": {
    "0": {
      "precision": 0.5986038394415357,
      "recall": 0.32666666666666666,
      "f1-score": 0.4226740603820086,
      "support": 1050
    },
    "1": {
      "precision": 0.26842105263157895,
      "recall": 0.19428571428571428,
      "f1-score": 0.22541436464088396,
      "support": 1050
    },
    "2": {
      "precision": 0.2027439024390244,
      "recall": 0.12666666666666668,
      "f1-score": 0.1559202813599062,
      "support": 1050
    },
    "3": {
      "precision": 0.5251141552511416,
      "recall": 0.5476190476190477,
      "f1-score": 0.5361305361305362,
      "support": 1050
    },
    "4": {
      "precision": 0.40974212034383956,
      "recall": 0.2723809523809524,
      "f1-score": 0.32723112128146453,
      "support": 1050
    },
    "5": {
      "precision": 0.46616541353383456,
      "recall": 0.35428571428571426,
      "f1-score": 0.4025974025974026,
      "support": 1050
    },
    "6": {
      "precision": 0.5138387484957883,
      "recall": 0.4066666666666667,
      "f1-score": 0.45401382243487504,
      "support": 1050
    },
    "7": {
      "precision": 0.19373776908023482,
      "recall": 0.4714285714285714,
      "f1-score": 0.274618585298197,
      "support": 1050
    },
    "8": {
      "precision": 0.1607898448519041,
      "recall": 0.5428571428571428,
      "f1-score": 0.24809575625680086,
      "support": 1050
    },
    "9": {
      "precision": 0.5179407176287052,
      "recall": 0.6323809523809524,
      "f1-score": 0.5694682675814753,
      "support": 1050
    },
    "10": {
      "precision": 0.5588235294117647,
      "recall": 0.18095238095238095,
      "f1-score": 0.27338129496402874,
      "support": 1050
    },
    "11": {
      "precision": 0.44559585492227977,
      "recall": 0.16380952380952382,
      "f1-score": 0.23955431754874654,
      "support": 1050
    },
    "12": {
      "precision": 0.30324074074074076,
      "recall": 0.24952380952380954,
      "f1-score": 0.27377220480668757,
      "support": 1050
    },
    "13": {
      "precision": 0.34683213585891576,
      "recall": 0.5057142857142857,
      "f1-score": 0.41146842309182485,
      "support": 1050
    },
    "14": {
      "precision": 0.7647058823529411,
      "recall": 0.1361904761904762,
      "f1-score": 0.23120452708164918,
      "support": 1050
    },
    "15": {
      "precision": 0.2728155339805825,
      "recall": 0.26761904761904765,
      "f1-score": 0.27019230769230773,
      "support": 1050
    },
    "16": {
      "precision": 0.2017291066282421,
      "recall": 0.13333333333333333,
      "f1-score": 0.16055045871559634,
      "support": 1050
    },
    "17": {
      "precision": 0.2018348623853211,
      "recall": 0.02095238095238095,
      "f1-score": 0.03796376186367558,
      "support": 1050
    },
    "18": {
      "precision": 0.4652071931196247,
      "recall": 0.5666666666666667,
      "f1-score": 0.5109489051094891,
      "support": 1050
    },
    "19": {
      "precision": 0.45098039215686275,
      "recall": 0.10952380952380952,
      "f1-score": 0.17624521072796934,
      "support": 1050
    },
    "20": {
      "precision": 0.198378041172801,
      "recall": 0.3028571428571429,
      "f1-score": 0.23972860912174898,
      "support": 1050
    },
    "21": {
      "precision": 0.24316546762589927,
      "recall": 0.3219047619047619,
      "f1-score": 0.27704918032786885,
      "support": 1050
    },
    "22": {
      "precision": 0.28902798232695137,
      "recall": 0.7476190476190476,
      "f1-score": 0.41688794476898566,
      "support": 1050
    },
    "23": {
      "precision": 0.3823781009409752,
      "recall": 0.4257142857142857,
      "f1-score": 0.4028841820639928,
      "support": 1050
    },
    "24": {
      "precision": 0.6328828828828829,
      "recall": 0.5352380952380953,
      "f1-score": 0.5799793601651188,
      "support": 1050
    },
    "25": {
      "precision": 0.352667011910927,
      "recall": 0.6485714285714286,
      "f1-score": 0.45689365984568936,
      "support": 1050
    },
    "26": {
      "precision": 0.48308525033829497,
      "recall": 0.34,
      "f1-score": 0.3991056456120738,
      "support": 1050
    },
    "27": {
      "precision": 0.8440366972477065,
      "recall": 0.26285714285714284,
      "f1-score": 0.40087145969498905,
      "support": 1050
    },
    "28": {
      "precision": 0.30265060240963854,
      "recall": 0.5980952380952381,
      "f1-score": 0.40192,
      "support": 1050
    },
    "29": {
      "precision": 0.26773049645390073,
      "recall": 0.1438095238095238,
      "f1-score": 0.1871127633209418,
      "support": 1050
    },
    "30": {
      "precision": 0.3935309973045822,
      "recall": 0.13904761904761906,
      "f1-score": 0.20548909218859956,
      "support": 1050
    },
    "31": {
      "precision": 0.7321428571428571,
      "recall": 0.3904761904761905,
      "f1-score": 0.5093167701863354,
      "support": 1050
    },
    "32": {
      "precision": 0.5736160188457008,
      "recall": 0.4638095238095238,
      "f1-score": 0.5129015271195366,
      "support": 1050
    },
    "accuracy": 0.3493795093795094,
    "macro avg": {
      "precision": 0.41103500611690846,
      "recall": 0.3493795093795094,
      "f1-score": 0.3391389637570123,
      "support": 34650
    },
    "weighted avg": {
      "precision": 0.4110350061169085,
      "recall": 0.3493795093795094,
      "f1-score": 0.33913896375701225,
      "support": 34650
    }
  },
  "val": {
    "0": {
      "precision": 0.5151515151515151,
      "recall": 0.34,
      "f1-score": 0.40963855421686746,
      "support": 150
    },
    "1": {
      "precision": 0.25555555555555554,
      "recall": 0.15333333333333332,
      "f1-score": 0.19166666666666665,
      "support": 150
    },
    "2": {
      "precision": 0.16279069767441862,
      "recall": 0.09333333333333334,
      "f1-score": 0.11864406779661017,
      "support": 150
    },
    "3": {
      "precision": 0.4585635359116022,
      "recall": 0.5533333333333333,
      "f1-score": 0.5015105740181269,
      "support": 150
    },
    "4": {
      "precision": 0.25301204819277107,
      "recall": 0.14,
      "f1-score": 0.18025751072961374,
      "support": 150
    },
    "5": {
      "precision": 0.4368932038834951,
      "recall": 0.3,
      "f1-score": 0.3557312252964427,
      "support": 150
    },
    "6": {
      "precision": 0.5833333333333334,
      "recall": 0.37333333333333335,
      "f1-score": 0.45528455284552843,
      "support": 150
    },
    "7": {
      "precision": 0.20273972602739726,
      "recall": 0.49333333333333335,
      "f1-score": 0.28737864077669906,
      "support": 150
    },
    "8": {
      "precision": 0.1572769953051643,
      "recall": 0.44666666666666666,
      "f1-score": 0.23263888888888884,
      "support": 150
    },
    "9": {
      "precision": 0.39920948616600793,
      "recall": 0.6733333333333333,
      "f1-score": 0.501240694789082,
      "support": 150
    },
    "10": {
      "precision": 0.4418604651162791,
      "recall": 0.12666666666666668,
      "f1-score": 0.19689119170984457,
      "support": 150
    },
    "11": {
      "precision": 0.26136363636363635,
      "recall": 0.15333333333333332,
      "f1-score": 0.19327731092436973,
      "support": 150
    },
    "12": {
      "precision": 0.2125984251968504,
      "recall": 0.18,
      "f1-score": 0.19494584837545129,
      "support": 150
    },
    "13": {
      "precision": 0.3263157894736842,
      "recall": 0.41333333333333333,
      "f1-score": 0.3647058823529412,
      "support": 150
    },
    "14": {
      "precision": 0.6666666666666666,
      "recall": 0.17333333333333334,
      "f1-score": 0.2751322751322751,
      "support": 150
    },
    "15": {
      "precision": 0.2550335570469799,
      "recall": 0.25333333333333335,
      "f1-score": 0.25418060200668896,
      "support": 150
    },
    "16": {
      "precision": 0.17857142857142858,
      "recall": 0.13333333333333333,