{
  "train": {
    "loss": 3.510491589591617,
    "acc": 0.07731601731601731,
    "timeuse": 412.3496673107147,
    "Weighted_Precision": 0.1056739038286641,
    "Balanced_acc": 0.07731601731601732,
    "f1_micro": 0.07731601731601731,
    "f1_macro": 0.04596277179871386,
    "f1_weighted": 0.04596277179871386,
    "Top_3_acc": 0.2,
    "Top_5_acc": 0.2986147186147186,
    "Top_10_acc": 0.5028571428571429,
    "roc_auc_score(ovr)": 0.6701850726654298,
    "roc_auc_score(ovo)": 0.6701850726654298
  },
  "val": {
    "loss": 3.6177238207152396,
    "acc": 0.07333333333333333,
    "timeuse": 54.852137327194214,
    "Weighted_Precision": 0.09644928554587454,
    "Balanced_acc": 0.07333333333333333,
    "f1_micro": 0.07333333333333333,
    "f1_macro": 0.04253379713555613,
    "f1_weighted": 0.04253379713555612,
    "Top_3_acc": 0.18303030303030304,
    "Top_5_acc": 0.28,
    "Top_10_acc": 0.49818181818181817,
    "roc_auc_score(ovr)": 0.6674119318181818,
    "roc_auc_score(ovo)": 0.6674119318181818
  },
  "test": {
    "loss": 3.6414306513468424,
    "acc": 0.06757575757575758,
    "timeuse": 109.7694742679596,
    "Weighted_Precision": 0.06136732317653272,
    "Balanced_acc": 0.06757575757575758,
    "f1_micro": 0.06757575757575758,
    "f1_macro": 0.03919094096524863,
    "f1_weighted": 0.039190940965248645,
    "Top_3_acc": 0.18787878787878787,
    "Top_5_acc": 0.28515151515151516,
    "Top_10_acc": 0.4803030303030303,
    "roc_auc_score(ovr)": 0.653867471590909,
    "roc_auc_score(ovo)": 0.6538674715909091
  }
}