{
  "train": {
    "0": {
      "precision": 0.052132701421800945,
      "recall": 0.03142857142857143,
      "f1-score": 0.0392156862745098,
      "support": 350
    },
    "1": {
      "precision": 0.0,
      "recall": 0.0,
      "f1-score": 0.0,
      "support": 350
    },
    "2": {
      "precision": 0.1111111111111111,
      "recall": 0.008571428571428572,
      "f1-score": 0.015915119363395226,
      "support": 350
    },
    "3": {
      "precision": 0.04938271604938271,
      "recall": 0.011428571428571429,
      "f1-score": 0.018561484918793503,
      "support": 350
    },
    "4": {
      "precision": 0.1,
      "recall": 0.008571428571428572,
      "f1-score": 0.015789473684210527,
      "support": 350
    },
    "5": {
      "precision": 0.05722070844686648,
      "recall": 0.06,
      "f1-score": 0.058577405857740586,
      "support": 350
    },
    "6": {
      "precision": 0.08823529411764706,
      "recall": 0.008571428571428572,
      "f1-score": 0.015625,
      "support": 350
    },
    "7": {
      "precision": 0.08731241473396999,
      "recall": 0.18285714285714286,
      "f1-score": 0.11819021237303785,
      "support": 350
    },
    "8": {
      "precision": 0.0,
      "recall": 0.0,
      "f1-score": 0.0,
      "support": 350
    },
    "9": {
      "precision": 0.13253012048192772,
      "recall": 0.15714285714285714,
      "f1-score": 0.14379084967320263,
      "support": 350
    },
    "10": {
      "precision": 0.03773584905660377,
      "recall": 0.03428571428571429,
      "f1-score": 0.035928143712574856,
      "support": 350
    },
    "11": {
      "precision": 0.08596713021491782,
      "recall": 0.19428571428571428,
      "f1-score": 0.119193689745837,
      "support": 350
    },
    "12": {
      "precision": 0.11764705882352941,
      "recall": 0.005714285714285714,
      "f1-score": 0.010899182561307903,
      "support": 350
    },
    "13": {
      "precision": 0.07122507122507123,
      "recall": 0.07142857142857142,
      "f1-score": 0.07132667617689015,
      "support": 350
    },
    "14": {
      "precision": 0.125,
      "recall": 0.002857142857142857,
      "f1-score": 0.005586592178770949,
      "support": 350
    },
    "15": {
      "precision": 0.0,
      "recall": 0.0,
      "f1-score": 0.0,
      "support": 350
    },
    "16": {
      "precision": 0.07272727272727272,
      "recall": 0.022857142857142857,
      "f1-score": 0.034782608695652174,
      "support": 350
    },
    "17": {
      "precision": 0.0,
      "recall": 0.0,
      "f1-score": 0.0,
      "support": 350
    },
    "18": {
      "precision": 0.12408759124087591,
      "recall": 0.04857142857142857,
      "f1-score": 0.06981519507186859,
      "support": 350
    },
    "19": {
      "precision": 0.22641509433962265,
      "recall": 0.03428571428571429,
      "f1-score": 0.05955334987593052,
      "support": 350
    },
    "20": {
      "precision": 0.037037037037037035,
      "recall": 0.002857142857142857,
      "f1-score": 0.005305039787798408,
      "support": 350
    },
    "21": {
      "precision": 0.10946745562130178,
      "recall": 0.10571428571428572,
      "f1-score": 0.10755813953488375,
      "support": 350
    },
    "22": {
      "precision": 0.18354430379746836,
      "recall": 0.08285714285714285,
      "f1-score": 0.1141732283464567,
      "support": 350
    },
    "23": {
      "precision": 0.10526315789473684,
      "recall": 0.005714285714285714,
      "f1-score": 0.01084010840108401,
      "support": 350
    },
    "24": {
      "precision": 0.1343001261034048,
      "recall": 0.6085714285714285,
      "f1-score": 0.22004132231404963,
      "support": 350
    },
    "25": {
      "precision": 0.4,
      "recall": 0.03428571428571429,
      "f1-score": 0.06315789473684211,
      "support": 350
    },
    "26": {
      "precision": 0.050901577761081895,
      "recall": 0.7742857142857142,
      "f1-score": 0.09552344025378921,
      "support": 350
    },
    "27": {
      "precision": 0.2222222222222222,
      "recall": 0.005714285714285714,
      "f1-score": 0.011142061281337047,
      "support": 350
    },
    "28": {
      "precision": 0.0,
      "recall": 0.0,
      "f1-score": 0.0,
      "support": 350
    },
    "29": {
      "precision": 0.0,
      "recall": 0.0,
      "f1-score": 0.0,
      "support": 350
    },
    "30": {
      "precision": 0.03910614525139665,
      "recall": 0.04,
      "f1-score": 0.03954802259887006,
      "support": 350
    },
    "31": {
      "precision": 0.5,
      "recall": 0.002857142857142857,
      "f1-score": 0.005681818181818181,
      "support": 350
    },
    "32": {
      "precision": 0.16666666666666666,
      "recall": 0.005714285714285714,
      "f1-score": 0.011049723756906077,
      "support": 350
    },
    "accuracy": 0.07731601731601731,
    "macro avg": {
      "precision": 0.1056739038286641,
      "recall": 0.07731601731601732,
      "f1-score": 0.04596277179871386,
      "support": 11550
    },
    "weighted avg": {
      "precision": 0.1056739038286641,
      "recall": 0.07731601731601731,
      "f1-score": 0.04596277179871386,
      "support": 11550
    }
  },
  "val": {
    "0": {
      "precision": 0.043478260869565216,
      "recall": 0.04,
      "f1-score": 0.041666666666666664,
      "support": 50
    },
    "1": {
      "precision": 0.0,
      "recall": 0.0,
      "f1-score": 0.0,
      "support": 50
    },
    "2": {
      "precision": 0.0,
      "recall": 0.0,
      "f1-score": 0.0,
      "support": 50
    },
    "3": {
      "precision": 0.0,
      "recall": 0.0,
      "f1-score": 0.0,
      "support": 50
    },
    "4": {
      "precision": 0.0,
      "recall": 0.0,
      "f1-score": 0.0,
      "support": 50
    },
    "5": {
      "precision": 0.0625,
      "recall": 0.08,
      "f1-score": 0.07017543859649122,
      "support": 50
    },
    "6": {
      "precision": 0.0,
      "recall": 0.0,
      "f1-score": 0.0,
      "support": 50
    },
    "7": {
      "precision": 0.06756756756756757,
      "recall": 0.1,
      "f1-score": 0.08064516129032258,
      "support": 50
    },
    "8": {
      "precision": 0.0,
      "recall": 0.0,
      "f1-score": 0.0,
      "support": 50
    },
    "9": {
      "precision": 0.08823529411764706,
      "recall": 0.18,
      "f1-score": 0.11842105263157895,
      "support": 50
    },
    "10": {
      "precision": 0.08695652173913043,
      "recall": 0.12,
      "f1-score": 0.10084033613445377,
      "support": 50
    },
    "11": {
      "precision": 0.10891089108910891,
      "recall": 0.22,
      "f1-score": 0.1456953642384106,
      "support": 50
    },
    "12": {
      "precision": 0.5,
      "recall": 0.02,
      "f1-score": 0.038461538461538464,
      "support": 50
    },
    "13": {
      "precision": 0.02702702702702703,
      "recall": 0.02,
      "f1-score": 0.022988505747126433,
      "support": 50
    },
    "14": {
      "precision": 0.0,
      "recall": 0.0,
      "f1-score": 0.0,
      "support": 50
    },
    "15": {
      "precision": 0.0,
      "recall": 0.0,
      "f1-score": 0.0,
      "support": 50
    },
    "16": {
      "precision": 0.0,
      "recall": 0.0,
      "f1-score": 0.0,
      "support": 50
    },
    "17": {
      "precision": 0.0,
      "recall": 0.0,
      "f1-score": 0.0,
      "support": 50
    },
    "18": {
      "precision": 0.09090909090909091,
      "recall": 0.04,
      "f1-score": 0.05555555555555555,
      "support": 50
    },
    "19": {
      "precision": 0.16666666666666666,
      "recall": 0.02,
      "f1-score": 0.03571428571428571,
      "support": 50
    },
    "20": {
      "precision": 0.0,
      "recall": 0.0,
      "f1-score": 0.0,
      "support": 50
    },
    "21": {
      "precision": 0.06,
      "recall": 0.06,
      "f1-score": 0.06,
      "support": 50
    },
    "22": {
      "precision": 0.1590909090909091,
      "recall": 0.14,
      "f1-score": 0.14893617021276598,
      "support": 50
    },
    "23": {
      "precision": 0.0,