{
  "train": {
    "loss": 3.4416486593551965,
    "acc": 0.07878787878787878,
    "timeuse": 21.618645668029785,
    "Weighted_Precision": 0.10329404905497291,
    "Balanced_acc": 0.07878787878787878,
    "f1_micro": 0.07878787878787878,
    "f1_macro": 0.036717325839666595,
    "f1_weighted": 0.0367173258396666,
    "Top_3_acc": 0.2012987012987013,
    "Top_5_acc": 0.29783549783549784,
    "Top_10_acc": 0.47965367965367967,
    "roc_auc_score(ovr)": 0.6660885320037107,
    "roc_auc_score(ovo)": 0.6660885320037107
  },
  "val": {
    "loss": 3.534088877475623,
    "acc": 0.07878787878787878,
    "timeuse": 2.0183448791503906,
    "Weighted_Precision": 0.03186001133498117,
    "Balanced_acc": 0.07878787878787878,
    "f1_micro": 0.07878787878787878,
    "f1_macro": 0.036883018388320817,
    "f1_weighted": 0.03688301838832082,
    "Top_3_acc": 0.1696969696969697,
    "Top_5_acc": 0.24696969696969698,
    "Top_10_acc": 0.44545454545454544,
    "roc_auc_score(ovr)": 0.6314689867424242,
    "roc_auc_score(ovo)": 0.6314689867424242
  },
  "test": {
    "loss": 3.4900266372796263,
    "acc": 0.08333333333333333,
    "timeuse": 4.003774881362915,
    "Weighted_Precision": 0.0775377937291604,
    "Balanced_acc": 0.08333333333333333,
    "f1_micro": 0.08333333333333333,
    "f1_macro": 0.044137333909954946,
    "f1_weighted": 0.044137333909954946,
    "Top_3_acc": 0.1946969696969697,
    "Top_5_acc": 0.2825757575757576,
    "Top_10_acc": 0.45151515151515154,
    "roc_auc_score(ovr)": 0.6542563328598484,
    "roc_auc_score(ovo)": 0.6542563328598484
  }
}