{
  "train": {
    "0": {
      "precision": 0.0,
      "recall": 0.0,
      "f1-score": 0.0,
      "support": 140
    },
    "1": {
      "precision": 0.0,
      "recall": 0.0,
      "f1-score": 0.0,
      "support": 140
    },
    "2": {
      "precision": 0.0,
      "recall": 0.0,
      "f1-score": 0.0,
      "support": 140
    },
    "3": {
      "precision": 0.0,
      "recall": 0.0,
      "f1-score": 0.0,
      "support": 140
    },
    "4": {
      "precision": 0.2,
      "recall": 0.02142857142857143,
      "f1-score": 0.03870967741935484,
      "support": 140
    },
    "5": {
      "precision": 0.0,
      "recall": 0.0,
      "f1-score": 0.0,
      "support": 140
    },
    "6": {
      "precision": 0.0,
      "recall": 0.0,
      "f1-score": 0.0,
      "support": 140
    },
    "7": {
      "precision": 0.0,
      "recall": 0.0,
      "f1-score": 0.0,
      "support": 140
    },
    "8": {
      "precision": 0.0,
      "recall": 0.0,
      "f1-score": 0.0,
      "support": 140
    },
    "9": {
      "precision": 0.13694267515923567,
      "recall": 0.6142857142857143,
      "f1-score": 0.22395833333333334,
      "support": 140
    },
    "10": {
      "precision": 0.0,
      "recall": 0.0,
      "f1-score": 0.0,
      "support": 140
    },
    "11": {
      "precision": 0.16091954022988506,
      "recall": 0.1,
      "f1-score": 0.12334801762114538,
      "support": 140
    },
    "12": {
      "precision": 0.0,
      "recall": 0.0,
      "f1-score": 0.0,
      "support": 140
    },
    "13": {
      "precision": 0.06613756613756613,
      "recall": 0.17857142857142858,
      "f1-score": 0.09652509652509651,
      "support": 140
    },
    "14": {
      "precision": 0.18548387096774194,
      "recall": 0.16428571428571428,
      "f1-score": 0.17424242424242423,
      "support": 140
    },
    "15": {
      "precision": 0.0,
      "recall": 0.0,
      "f1-score": 0.0,
      "support": 140
    },
    "16": {
      "precision": 0.0,
      "recall": 0.0,
      "f1-score": 0.0,
      "support": 140
    },
    "17": {
      "precision": 0.0,
      "recall": 0.0,
      "f1-score": 0.0,
      "support": 140
    },
    "18": {
      "precision": 0.0,
      "recall": 0.0,
      "f1-score": 0.0,
      "support": 140
    },
    "19": {
      "precision": 0.0,
      "recall": 0.0,
      "f1-score": 0.0,
      "support": 140
    },
    "20": {
      "precision": 0.0,
      "recall": 0.0,
      "f1-score": 0.0,
      "support": 140
    },
    "21": {
      "precision": 1.0,
      "recall": 0.007142857142857143,
      "f1-score": 0.014184397163120567,
      "support": 140
    },
    "22": {
      "precision": 0.06911262798634812,
      "recall": 0.5785714285714286,
      "f1-score": 0.12347560975609757,
      "support": 140
    },
    "23": {
      "precision": 0.06105610561056106,
      "recall": 0.2642857142857143,
      "f1-score": 0.09919571045576409,
      "support": 140
    },
    "24": {
      "precision": 0.25,
      "recall": 0.014285714285714285,
      "f1-score": 0.027027027027027025,
      "support": 140
    },
    "25": {
      "precision": 1.0,
      "recall": 0.007142857142857143,
      "f1-score": 0.014184397163120567,
      "support": 140
    },
    "26": {
      "precision": 0.03859060402684564,
      "recall": 0.16428571428571428,
      "f1-score": 0.0625,
      "support": 140
    },
    "27": {
      "precision": 0.0,
      "recall": 0.0,
      "f1-score": 0.0,
      "support": 140
    },
    "28": {
      "precision": 0.0,
      "recall": 0.0,
      "f1-score": 0.0,
      "support": 140
    },
    "29": {
      "precision": 0.0,
      "recall": 0.0,
      "f1-score": 0.0,
      "support": 140
    },
    "30": {
      "precision": 0.023529411764705882,
      "recall": 0.02857142857142857,
      "f1-score": 0.02580645161290323,
      "support": 140
    },
    "31": {
      "precision": 0.1388888888888889,
      "recall": 0.03571428571428571,
      "f1-score": 0.056818181818181816,
      "support": 140
    },
    "32": {
      "precision": 0.07804232804232804,
      "recall": 0.42142857142857143,
      "f1-score": 0.13169642857142855,
      "support": 140
    },
    "accuracy": 0.07878787878787878,
    "macro avg": {
      "precision": 0.10329404905497291,
      "recall": 0.07878787878787878,
      "f1-score": 0.036717325839666595,
      "support": 4620
    },
    "weighted avg": {
      "precision": 0.10329404905497291,
      "recall": 0.07878787878787878,
      "f1-score": 0.0367173258396666,
      "support": 4620
    }
  },
  "val": {
    "0": {
      "precision": 0.0,
      "recall": 0.0,
      "f1-score": 0.0,
      "support": 20
    },
    "1": {
      "precision": 0.0,
      "recall": 0.0,
      "f1-score": 0.0,
      "support": 20
    },
    "2": {
      "precision": 0.0,
      "recall": 0.0,
      "f1-score": 0.0,
      "support": 20
    },
    "3": {
      "precision": 0.0,
      "recall": 0.0,
      "f1-score": 0.0,
      "support": 20
    },
    "4": {
      "precision": 0.0,
      "recall": 0.0,
      "f1-score": 0.0,
      "support": 20
    },
    "5": {
      "precision": 0.0,
      "recall": 0.0,
      "f1-score": 0.0,
      "support": 20
    },
    "6": {
      "precision": 0.0,
      "recall": 0.0,
      "f1-score": 0.0,
      "support": 20
    },
    "7": {
      "precision": 0.08333333333333333,
      "recall": 0.05,
      "f1-score": 0.0625,
      "support": 20
    },
    "8": {
      "precision": 0.0,
      "recall": 0.0,
      "f1-score": 0.0,
      "support": 20
    },
    "9": {
      "precision": 0.14432989690721648,
      "recall": 0.7,
      "f1-score": 0.23931623931623933,
      "support": 20
    },
    "10": {
      "precision": 0.0,
      "recall": 0.0,
      "f1-score": 0.0,
      "support": 20
    },
    "11": {
      "precision": 0.16666666666666666,
      "recall": 0.15,
      "f1-score": 0.15789473684210525,
      "support": 20
    },
    "12": {
      "precision": 0.0,
      "recall": 0.0,
      "f1-score": 0.0,
      "support": 20
    },
    "13": {
      "precision": 0.0,
      "recall": 0.0,
      "f1-score": 0.0,
      "support": 20
    },
    "14": {
      "precision": 0.4,
      "recall": 0.3,
      "f1-score": 0.34285714285714286,
      "support": 20
    },
    "15": {
      "precision": 0.0,
      "recall": 0.0,
      "f1-score": 0.0,
      "support": 20
    },
    "16": {
      "precision": 0.0,
      "recall": 0.0,
      "f1-score": 0.0,
      "support": 20
    },
    "17": {
      "precision": 0.0,
      "recall": 0.0,
      "f1-score": 0.0,
      "support": 20
    },
    "18": {
      "precision": 0.0,
      "recall": 0.0,
      "f1-score": 0.0,
      "support": 20
    },
    "19": {
      "precision": 0.0,
      "recall": 0.0,
      "f1-score": 0.0,
      "support": 20
    },
    "20": {
      "precision": 0.0,
      "recall": 0.0,
      "f1-score": 0.0,
      "support": 20
    },
    "21": {
      "precision": 0.0,
      "recall": 0.0,
      "f1-score": 0.0,
      "support": 20
    },
    "22": {
      "precision": 0.0718232044198895,
      "recall": 0.65,
      "f1-score": 0.12935323383084577,
      "support": 20
    },
    "23": {
      "precision": 0.04375,
      "recall": 0.35,
      "f1-score": 0.07777777777777777,
      "support": 20
    },
    "24": {
      "precision": 0.0,
      "recall": 0.0,
      "f1-score": 0.0,
      "support": 20
    },
    "25": {
      "precision": 0.0,
      "recall": 0.0,
      "f1-score": 0.0,
      "support": 20
    },
    "26": {
      "precision": 0.022727272727272728,
      "recall": 0.05,
      "f1-score": 0.03125000000000001,
      "support": 20
    },
    "27": {
      "precision": 0.0,
      "recall": 0.0,
      "f1-score": 0.0,
      "support": 20
    },
    "28": {
      "precision": 0.0,
      "recall": 0.0,
      "f1-score": 0.0,
      "support": 20
    },
    "29": {
      "precision": 0.0,
      "recall": 0.0,
      "f1-score": 0.0,
      "support": 20
    },
    "30": {
      "precision": 0.025,
      "recall": 0.05,