{
  "train": {
    "loss": 0.8862627763774467,
    "acc": 0.7228802196398927,
    "timeuse": 473.08014702796936,
    "Weighted_Precision": 0.7381050159019902,
    "Balanced_acc": 0.7242693554284799,
    "f1_micro": 0.7228802196398927,
    "f1_macro": 0.722447704830245,
    "f1_weighted": 0.7225041969113096,
    "Top_3_acc": 0.8974109309155919,
    "Top_5_acc": 0.9436534286808836,
    "Top_10_acc": 0.9833194994253608,
    "roc_auc_score(ovr)": 0.9660323394566532,
    "roc_auc_score(ovo)": 0.9658834969241772
  },
  "val": {
    "loss": 1.3415142256701231,
    "acc": 0.6209091924494583,
    "timeuse": 72.94984030723572,
    "Weighted_Precision": 0.6382782340260669,
    "Balanced_acc": 0.6234510149090213,
    "f1_micro": 0.6209091924494583,
    "f1_macro": 0.6214000411634406,
    "f1_weighted": 0.6207644124250026,
    "Top_3_acc": 0.8121300122863845,
    "Top_5_acc": 0.8769127666703899,
    "Top_10_acc": 0.9496258237462303,
    "roc_auc_score(ovr)": 0.9414212428894021,
    "roc_auc_score(ovo)": 0.9411833890432649
  },
  "test": {
    "loss": 1.3136027158971606,
    "acc": 0.6280446927374301,
    "timeuse": 131.61019706726074,
    "Weighted_Precision": 0.6465750178363432,
    "Balanced_acc": 0.6289301071299692,
    "f1_micro": 0.6280446927374301,
    "f1_macro": 0.6282136135963482,
    "f1_weighted": 0.6287848583602008,
    "Top_3_acc": 0.8173743016759777,
    "Top_5_acc": 0.8831843575418994,
    "Top_10_acc": 0.9515083798882682,
    "roc_auc_score(ovr)": 0.943127876375111,
    "roc_auc_score(ovo)": 0.9428784809301091
  }
}