{
  "train": {
    "0": {
      "precision": 0.90063233965673,
      "recall": 0.6976906927921623,
      "f1-score": 0.7862776025236593,
      "support": 1429
    },
    "1": {
      "precision": 0.5452279202279202,
      "recall": 0.6850111856823267,
      "f1-score": 0.6071782669046203,
      "support": 2235
    },
    "2": {
      "precision": 0.6334293948126801,
      "recall": 0.4919427036705461,
      "f1-score": 0.5537918871252204,
      "support": 2234
    },
    "3": {
      "precision": 0.7740634005763689,
      "recall": 0.5998213488164359,
      "f1-score": 0.6758933064921994,
      "support": 2239
    },
    "4": {
      "precision": 0.481981981981982,
      "recall": 0.7010125074449077,
      "f1-score": 0.5712205775297259,
      "support": 1679
    },
    "5": {
      "precision": 0.6506165590135056,
      "recall": 0.7323198942498348,
      "f1-score": 0.6890547263681592,
      "support": 1513
    },
    "6": {
      "precision": 0.8730691739422431,
      "recall": 0.7756563245823389,
      "f1-score": 0.8214849921011059,
      "support": 1676
    },
    "7": {
      "precision": 0.76007326007326,
      "recall": 0.7410714285714286,
      "f1-score": 0.7504520795660037,
      "support": 1680
    },
    "8": {
      "precision": 0.8344827586206897,
      "recall": 0.759300761990139,
      "f1-score": 0.7951185167800986,
      "support": 2231
    },
    "9": {
      "precision": 0.7151650811415781,
      "recall": 0.8480424684804246,
      "f1-score": 0.7759562841530053,
      "support": 1507
    },
    "10": {
      "precision": 0.6703248463564531,
      "recall": 0.6906377204884667,
      "f1-score": 0.6803296948095344,
      "support": 2211
    },
    "11": {
      "precision": 0.7880755608028335,
      "recall": 0.5962483251451541,
      "f1-score": 0.6788710907704043,
      "support": 2239
    },
    "12": {
      "precision": 0.6992163954189271,
      "recall": 0.6921241050119332,
      "f1-score": 0.6956521739130436,
      "support": 1676
    },
    "13": {
      "precision": 0.8257918552036199,
      "recall": 0.6521739130434783,
      "f1-score": 0.7287853577371047,
      "support": 1679
    },
    "14": {
      "precision": 0.6640195479535737,
      "recall": 0.6485680190930787,
      "f1-score": 0.6562028373075761,
      "support": 1676
    },
    "15": {
      "precision": 0.4050754898811436,
      "recall": 0.7510422870756402,
      "f1-score": 0.5262938230383973,
      "support": 1679
    },
    "16": {
      "precision": 0.40762981278700106,
      "recall": 0.6873138773079214,
      "f1-score": 0.5117516629711752,
      "support": 1679
    },
    "17": {
      "precision": 0.5185840707964602,
      "recall": 0.3950561797752809,
      "f1-score": 0.448469387755102,
      "support": 2225
    },
    "18": {
      "precision": 0.8119891008174387,
      "recall": 0.8010752688172043,
      "f1-score": 0.8064952638700947,
      "support": 1488
    },
    "19": {
      "precision": 0.43278688524590164,
      "recall": 0.5076923076923077,
      "f1-score": 0.46725663716814164,
      "support": 1560
    },
    "20": {
      "precision": 0.6085219707057257,
      "recall": 0.41338760741745817,
      "f1-score": 0.4923242660921088,
      "support": 2211
    },
    "21": {
      "precision": 0.7130492676431425,
      "recall": 0.65625,
      "f1-score": 0.6834716017868537,
      "support": 1632
    },
    "22": {
      "precision": 0.859329017068864,
      "recall": 0.8690476190476191,
      "f1-score": 0.8641609943770346,
      "support": 1680
    },
    "23": {
      "precision": 0.8525925925925926,
      "recall": 0.6859356376638855,
      "f1-score": 0.7602377807133421,
      "support": 1678
    },
    "24": {
      "precision": 0.7912509593246354,
      "recall": 0.9209468512728897,
      "f1-score": 0.8511867905056759,
      "support": 2239
    },
    "25": {
      "precision": 0.7944078947368421,
      "recall": 0.615678776290631,
      "f1-score": 0.6937163375224417,
      "support": 1569
    },
    "26": {
      "precision": 0.9097087378640777,
      "recall": 0.5590692124105012,
      "f1-score": 0.6925351071692536,
      "support": 1676
    },
    "27": {
      "precision": 0.8705334023821854,
      "recall": 0.7507815989280929,
      "f1-score": 0.8062350119904077,
      "support": 2239
    },
    "28": {
      "precision": 0.7236588189888075,
      "recall": 0.837427422956677,
      "f1-score": 0.7763975155279503,
      "support": 2239
    },
    "29": {
      "precision": 0.5959925442684063,
      "recall": 0.5712371594461814,
      "f1-score": 0.5833523375142531,
      "support": 2239
    },
    "30": {
      "precision": 0.7648490749756572,
      "recall": 0.7029082774049217,
      "f1-score": 0.7325716950338074,
      "support": 2235
    },
    "31": {
      "precision": 0.8617021276595744,
      "recall": 0.9401785714285714,
      "f1-score": 0.8992314261315116,
      "support": 2240
    },
    "32": {
      "precision": 0.7846034214618973,
      "recall": 0.9025044722719141,
      "f1-score": 0.8394342762063227,
      "support": 2236
    },
    "accuracy": 0.6918816243136253,
    "macro avg": {
      "precision": 0.71280106863584,
      "recall": 0.6933077129172834,
      "f1-score": 0.6939815548319799,
      "support": 62648
    },
    "weighted avg": {
      "precision": 0.7130437340062866,
      "recall": 0.6918816243136253,
      "f1-score": 0.6937395399161237,
      "support": 62648
    }
  },
  "val": {
    "0": {
      "precision": 0.7988165680473372,
      "recall": 0.6617647058823529,
      "f1-score": 0.7238605898123324,
      "support": 204
    },
    "1": {
      "precision": 0.45047169811320753,
      "recall": 0.5987460815047022,
      "f1-score": 0.5141318977119784,
      "support": 319
    },
    "2": {
      "precision": 0.502283105022831,
      "recall": 0.3448275862068966,
      "f1-score": 0.40892193308550184,
      "support": 319
    },
    "3": {
      "precision": 0.7258687258687259,
      "recall": 0.5875,
      "f1-score": 0.6493955094991365,
      "support": 320
    },
    "4": {
      "precision": 0.39473684210526316,
      "recall": 0.5625,
      "f1-score": 0.4639175257731959,
      "support": 240
    },
    "5": {
      "precision": 0.5228070175438596,
      "recall": 0.6898148148148148,
      "f1-score": 0.5948103792415169,
      "support": 216
    },
    "6": {
      "precision": 0.8543689320388349,
      "recall": 0.7333333333333333,
      "f1-score": 0.7892376681614349,
      "support": 240
    },
    "7": {
      "precision": 0.7647058823529411,
      "recall": 0.5958333333333333,
      "f1-score": 0.6697892271662763,
      "support": 240
    },
    "8": {
      "precision": 0.7619047619047619,
      "recall": 0.6520376175548589,
      "f1-score": 0.7027027027027027,
      "support": 319
    },
    "9": {
      "precision": 0.5811320754716981,
      "recall": 0.7162790697674418,
      "f1-score": 0.6416666666666666,
      "support": 215
    },
    "10": {
      "precision": 0.6222222222222222,
      "recall": 0.620253164556962,
      "f1-score": 0.6212361331220285,
      "support": 316
    },
    "11": {
      "precision": 0.7236842105263158,
      "recall": 0.515625,
      "f1-score": 0.6021897810218978,
      "support": 320
    },
    "12": {
      "precision": 0.6320346320346321,
      "recall": 0.6083333333333333,
      "f1-score": 0.6199575371549894,
      "support": 240
    },
    "13": {
      "precision": 0.7166666666666667,
      "recall": 0.5375,
      "f1-score": 0.6142857142857143,
      "support": 240
    },
    "14": {
      "precision": 0.57421875,
      "recall": 0.6125,
      "f1-score": 0.592741935483871,
      "support": 240
    },
    "15": {
      "precision": 0.32983193277310924,
      "recall": 0.6541666666666667,
      "f1-score": 0.43854748603351956,
      "support": 240
    },
    "16": {
      "precision": 0.3103448275862069,
      "recall": 0.525,
      "f1-score": 0.39009287925696595,
      "support": 240
    },