{
  "train": {
    "loss": 0.9960793022595821,
    "acc": 0.6918816243136253,
    "timeuse": 479.74378871917725,
    "Weighted_Precision": 0.7130437340062866,
    "Balanced_acc": 0.6933077129172834,
    "f1_micro": 0.6918816243136253,
    "f1_macro": 0.6939815548319799,
    "f1_weighted": 0.6937395399161237,
    "Top_3_acc": 0.8779210828757502,
    "Top_5_acc": 0.9305324990422679,
    "Top_10_acc": 0.9764238283744094,
    "roc_auc_score(ovr)": 0.9608787590351868,
    "roc_auc_score(ovo)": 0.9607341589190957
  },
  "val": {
    "loss": 1.333371862075082,
    "acc": 0.6056070590863398,
    "timeuse": 73.95358061790466,
    "Weighted_Precision": 0.6320357876466605,
    "Balanced_acc": 0.6062178774246858,
    "f1_micro": 0.6056070590863398,
    "f1_macro": 0.6082595449164163,
    "f1_weighted": 0.6084326248788936,
    "Top_3_acc": 0.8069920696973082,
    "Top_5_acc": 0.8770244610745002,
    "Top_10_acc": 0.9487322685133475,
    "roc_auc_score(ovr)": 0.9407585163631155,
    "roc_auc_score(ovo)": 0.940544489216489
  },
  "test": {
    "loss": 1.3720660737439907,
    "acc": 0.6022346368715084,
    "timeuse": 132.73998260498047,
    "Weighted_Precision": 0.6304481321435077,
    "Balanced_acc": 0.6025418449328744,
    "f1_micro": 0.6022346368715084,
    "f1_macro": 0.605348772399179,
    "f1_weighted": 0.6057021255910899,
    "Top_3_acc": 0.8037430167597766,
    "Top_5_acc": 0.8721787709497206,
    "Top_10_acc": 0.9439664804469273,
    "roc_auc_score(ovr)": 0.9383779804690058,
    "roc_auc_score(ovo)": 0.9382027319430353
  }
}