{
  "train": {
    "loss": 0.751738548949085,
    "acc": 0.7633603626612182,
    "timeuse": 472.5415532588959,
    "Weighted_Precision": 0.768672568933768,
    "Balanced_acc": 0.7628392489506343,
    "f1_micro": 0.7633603626612181,
    "f1_macro": 0.7604741441992484,
    "f1_weighted": 0.7615833503809373,
    "Top_3_acc": 0.9212424977652918,
    "Top_5_acc": 0.9600625718299067,
    "Top_10_acc": 0.9890978163708338,
    "roc_auc_score(ovr)": 0.973502069568972,
    "roc_auc_score(ovo)": 0.9733334489858217
  },
  "val": {
    "loss": 1.258671842123508,
    "acc": 0.6411258795934324,
    "timeuse": 72.28017330169678,
    "Weighted_Precision": 0.64726198612376,
    "Balanced_acc": 0.6402887415861243,
    "f1_micro": 0.6411258795934324,
    "f1_macro": 0.6366910900118314,
    "f1_weighted": 0.6386451426592498,
    "Top_3_acc": 0.831564838601586,
    "Top_5_acc": 0.8945604825198258,
    "Top_10_acc": 0.9559924047805205,
    "roc_auc_score(ovr)": 0.9485533250916994,
    "roc_auc_score(ovo)": 0.9483388028700817
  },
  "test": {
    "loss": 1.2683088060197882,
    "acc": 0.6399441340782123,
    "timeuse": 129.0071840286255,
    "Weighted_Precision": 0.6438290651552226,
    "Balanced_acc": 0.6384744272610852,
    "f1_micro": 0.6399441340782123,
    "f1_macro": 0.635944525290915,
    "f1_weighted": 0.6375238855904135,
    "Top_3_acc": 0.8264245810055866,
    "Top_5_acc": 0.8898324022346369,
    "Top_10_acc": 0.9551396648044693,
    "roc_auc_score(ovr)": 0.9471135428283745,
    "roc_auc_score(ovo)": 0.9468934673510238
  }
}