{
  "train": {
    "0": {
      "precision": 0.7626911314984709,
      "recall": 0.8726382085374388,
      "f1-score": 0.8139686684073107,
      "support": 1429
    },
    "1": {
      "precision": 0.6368673808644255,
      "recall": 0.7713646532438478,
      "f1-score": 0.6976932416025899,
      "support": 2235
    },
    "2": {
      "precision": 0.5819730305180979,
      "recall": 0.7341092211280215,
      "f1-score": 0.6492478226444972,
      "support": 2234
    },
    "3": {
      "precision": 0.7899239543726235,
      "recall": 0.7422956677087986,
      "f1-score": 0.7653695602118351,
      "support": 2239
    },
    "4": {
      "precision": 0.731239092495637,
      "recall": 0.4991066110780226,
      "f1-score": 0.5932743362831858,
      "support": 1679
    },
    "5": {
      "precision": 0.7641831852358169,
      "recall": 0.7389292795769994,
      "f1-score": 0.7513440860215055,
      "support": 1513
    },
    "6": {
      "precision": 0.8090425531914893,
      "recall": 0.9075178997613366,
      "f1-score": 0.8554555680539933,
      "support": 1676
    },
    "7": {
      "precision": 0.8382441371016236,
      "recall": 0.8297619047619048,
      "f1-score": 0.8339814537840263,
      "support": 1680
    },
    "8": {
      "precision": 0.8906166219839142,
      "recall": 0.7445091887046168,
      "f1-score": 0.8110351562500001,
      "support": 2231
    },
    "9": {
      "precision": 0.7895953757225433,
      "recall": 0.9064366290643663,
      "f1-score": 0.8439913500154463,
      "support": 1507
    },
    "10": {
      "precision": 0.7535211267605634,
      "recall": 0.7743102668475803,
      "f1-score": 0.763774258309168,
      "support": 2211
    },
    "11": {
      "precision": 0.7389287220582033,
      "recall": 0.7824921840107191,
      "f1-score": 0.7600867678958786,
      "support": 2239
    },
    "12": {
      "precision": 0.6882444329363024,
      "recall": 0.7929594272076372,
      "f1-score": 0.7369004713057943,
      "support": 1676
    },
    "13": {
      "precision": 0.7585635359116022,
      "recall": 0.817748659916617,
      "f1-score": 0.7870449985669247,
      "support": 1679
    },
    "14": {
      "precision": 0.7094155844155844,
      "recall": 0.7822195704057279,
      "f1-score": 0.7440408626560726,
      "support": 1676
    },
    "15": {
      "precision": 0.6244897959183674,
      "recall": 0.6378796902918403,
      "f1-score": 0.6311137301119623,
      "support": 1679
    },
    "16": {
      "precision": 0.8115789473684211,
      "recall": 0.4592019058963669,
      "f1-score": 0.5865348041080259,
      "support": 1679
    },
    "17": {
      "precision": 0.5919308357348703,
      "recall": 0.4615730337078652,
      "f1-score": 0.5186868686868688,
      "support": 2225
    },
    "18": {
      "precision": 0.8274215552523875,
      "recall": 0.8151881720430108,
      "f1-score": 0.8212593094109681,
      "support": 1488
    },
    "19": {
      "precision": 0.5715197956577267,
      "recall": 0.5737179487179487,
      "f1-score": 0.5726167626359564,
      "support": 1560
    },
    "20": {
      "precision": 0.647319232661092,
      "recall": 0.5952057892356399,
      "f1-score": 0.6201696512723845,
      "support": 2211
    },
    "21": {
      "precision": 0.612037037037037,
      "recall": 0.8100490196078431,
      "f1-score": 0.6972573839662448,
      "support": 1632
    },
    "22": {
      "precision": 0.8663672094329029,
      "recall": 0.9184523809523809,
      "f1-score": 0.8916498121930077,
      "support": 1680
    },
    "23": {
      "precision": 0.8504731861198738,
      "recall": 0.8033373063170441,
      "f1-score": 0.8262335274287466,
      "support": 1678
    },
    "24": {
      "precision": 0.902591599642538,
      "recall": 0.9021884769986601,
      "f1-score": 0.9023899932990842,
      "support": 2239
    },
    "25": {
      "precision": 0.8228488792480115,
      "recall": 0.7253027405991077,
      "f1-score": 0.7710027100271003,
      "support": 1569
    },
    "26": {
      "precision": 0.8630328441649197,
      "recall": 0.736873508353222,
      "f1-score": 0.794979079497908,
      "support": 1676
    },
    "27": {
      "precision": 0.9021686746987951,
      "recall": 0.8360875390799464,
      "f1-score": 0.8678720445062585,
      "support": 2239
    },
    "28": {
      "precision": 0.8271230502599654,
      "recall": 0.8526127735596248,
      "f1-score": 0.8396745106663734,
      "support": 2239
    },
    "29": {
      "precision": 0.6550466153222537,
      "recall": 0.7217507815989281,
      "f1-score": 0.6867828304292393,
      "support": 2239
    },
    "30": {
      "precision": 0.8798941798941798,
      "recall": 0.7440715883668904,
      "f1-score": 0.8063030303030303,
      "support": 2235
    },
    "31": {
      "precision": 0.9401671799384074,
      "recall": 0.9540178571428571,
      "f1-score": 0.9470418790161755,
      "support": 2240
    },
    "32": {
      "precision": 0.8850574712643678,
      "recall": 0.9297853309481217,
      "f1-score": 0.9068702290076336,
      "support": 2236
    },
    "accuracy": 0.7633603626612182,
    "macro avg": {
      "precision": 0.7673975137782731,
      "recall": 0.7628392489506343,
      "f1-score": 0.7604741441992484,
      "support": 62648
    },
    "weighted avg": {
      "precision": 0.768672568933768,
      "recall": 0.7633603626612182,
      "f1-score": 0.7615833503809373,
      "support": 62648
    }
  },
  "val": {
    "0": {
      "precision": 0.6377952755905512,
      "recall": 0.7941176470588235,
      "f1-score": 0.7074235807860261,
      "support": 204
    },
    "1": {
      "precision": 0.5170603674540682,
      "recall": 0.6175548589341693,
      "f1-score": 0.5628571428571428,
      "support": 319
    },
    "2": {
      "precision": 0.4246913580246914,
      "recall": 0.5391849529780565,
      "f1-score": 0.4751381215469614,
      "support": 319
    },
    "3": {
      "precision": 0.7611940298507462,
      "recall": 0.6375,
      "f1-score": 0.6938775510204082,
      "support": 320
    },
    "4": {
      "precision": 0.5844155844155844,
      "recall": 0.375,
      "f1-score": 0.4568527918781726,
      "support": 240
    },
    "5": {
      "precision": 0.6143497757847534,
      "recall": 0.6342592592592593,
      "f1-score": 0.6241457858769932,
      "support": 216
    },
    "6": {
      "precision": 0.724907063197026,
      "recall": 0.8125,
      "f1-score": 0.7662082514734774,
      "support": 240
    },
    "7": {
      "precision": 0.7619047619047619,
      "recall": 0.7333333333333333,
      "f1-score": 0.7473460721868364,
      "support": 240
    },
    "8": {
      "precision": 0.75,
      "recall": 0.5266457680250783,
      "f1-score": 0.6187845303867402,
      "support": 319
    },
    "9": {
      "precision": 0.6153846153846154,
      "recall": 0.7441860465116279,
      "f1-score": 0.6736842105263158,
      "support": 215
    },
    "10": {
      "precision": 0.6633663366336634,
      "recall": 0.6360759493670886,
      "f1-score": 0.6494345718901453,
      "support": 316
    },
    "11": {
      "precision": 0.6512968299711815,
      "recall": 0.70625,
      "f1-score": 0.6776611694152923,
      "support": 320
    },
    "12": {
      "precision": 0.5338078291814946,
      "recall": 0.625,
      "f1-score": 0.5758157389635317,
      "support": 240
    },
    "13": {
      "precision": 0.6363636363636364,
      "recall": 0.6708333333333333,
      "f1-score": 0.6531440162271805,
      "support": 240
    },
    "14": {
      "precision": 0.6216216216216216,
      "recall": 0.6708333333333333,
      "f1-score": 0.6452905811623246,
      "support": 240
    },
    "15": {
      "precision": 0.49159663865546216,
      "recall": 0.4875,
      "f1-score": 0.4895397489539749,
      "support": 240
    },
    "16": {
      "precision": 0.6272727272727273,
      "recall": 0.2875,
      "f1-score": 0.39428571428571424,
      "support": 240
    },
    "17": {
      "precision": 0.4090909090909091,