{
  "train": {
    "loss": 1.0966105319920163,
    "acc": 0.6668050057463925,
    "timeuse": 475.9070007801056,
    "Weighted_Precision": 0.6936833366541918,
    "Balanced_acc": 0.6641427447126708,
    "f1_micro": 0.6668050057463926,
    "f1_macro": 0.6668554959593027,
    "f1_weighted": 0.6668722988641121,
    "Top_3_acc": 0.8546641552802963,
    "Top_5_acc": 0.9115853658536586,
    "Top_10_acc": 0.9679478993742817,
    "roc_auc_score(ovr)": 0.9543590373812371,
    "roc_auc_score(ovo)": 0.9542761867353413
  },
  "val": {
    "loss": 1.5998700156992645,
    "acc": 0.5467441081201831,
    "timeuse": 73.43377614021301,
    "Weighted_Precision": 0.576136865391502,
    "Balanced_acc": 0.5438391073539981,
    "f1_micro": 0.5467441081201831,
    "f1_macro": 0.5465036813787938,
    "f1_weighted": 0.5472470969312158,
    "Top_3_acc": 0.7566178934435385,
    "Top_5_acc": 0.8322350050262481,
    "Top_10_acc": 0.9193566402323243,
    "roc_auc_score(ovr)": 0.9194699593913602,
    "roc_auc_score(ovo)": 0.9192314809960215
  },
  "test": {
    "loss": 1.607484671323659,
    "acc": 0.5455865921787709,
    "timeuse": 130.9658088684082,
    "Weighted_Precision": 0.5753247950807127,
    "Balanced_acc": 0.5415866308117812,
    "f1_micro": 0.5455865921787709,
    "f1_macro": 0.5448434241426392,
    "f1_weighted": 0.546130025445956,
    "Top_3_acc": 0.7515083798882681,
    "Top_5_acc": 0.8244134078212291,
    "Top_10_acc": 0.9176536312849162,
    "roc_auc_score(ovr)": 0.9187869774134125,
    "roc_auc_score(ovo)": 0.918628140752263
  }
}