{
  "train": {
    "loss": 3.3567346550582293,
    "acc": 0.09645021645021645,
    "timeuse": 274.5833604335785,
    "Weighted_Precision": 0.14807059597999397,
    "Balanced_acc": 0.09645021645021645,
    "f1_micro": 0.09645021645021644,
    "f1_macro": 0.07831913069268985,
    "f1_weighted": 0.07831913069268985,
    "Top_3_acc": 0.23523809523809525,
    "Top_5_acc": 0.3458008658008658,
    "Top_10_acc": 0.5511688311688312,
    "roc_auc_score(ovr)": 0.6869559910327768,
    "roc_auc_score(ovo)": 0.6869559910327768
  },
  "val": {
    "loss": 3.566645602312955,
    "acc": 0.06424242424242424,
    "timeuse": 37.36895704269409,
    "Weighted_Precision": 0.08335376858453111,
    "Balanced_acc": 0.06424242424242424,
    "f1_micro": 0.06424242424242424,
    "f1_macro": 0.0487857219471377,
    "f1_weighted": 0.0487857219471377,
    "Top_3_acc": 0.18666666666666668,
    "Top_5_acc": 0.2927272727272727,
    "Top_10_acc": 0.5121212121212121,
    "roc_auc_score(ovr)": 0.6607382575757575,
    "roc_auc_score(ovo)": 0.6607382575757575
  },
  "test": {
    "loss": 3.5984626691991632,
    "acc": 0.07,
    "timeuse": 75.63487076759338,
    "Weighted_Precision": 0.08369870162177007,
    "Balanced_acc": 0.07,
    "f1_micro": 0.07,
    "f1_macro": 0.05268527523288663,
    "f1_weighted": 0.05268527523288663,
    "Top_3_acc": 0.19303030303030302,
    "Top_5_acc": 0.2875757575757576,
    "Top_10_acc": 0.4987878787878788,
    "roc_auc_score(ovr)": 0.6477345643939395,
    "roc_auc_score(ovo)": 0.6477345643939395
  }
}