{
  "train": {
    "0": {
      "precision": 0.3333333333333333,
      "recall": 0.002857142857142857,
      "f1-score": 0.0056657223796034,
      "support": 350
    },
    "1": {
      "precision": 0.06428571428571428,
      "recall": 0.025714285714285714,
      "f1-score": 0.03673469387755102,
      "support": 350
    },
    "2": {
      "precision": 0.0,
      "recall": 0.0,
      "f1-score": 0.0,
      "support": 350
    },
    "3": {
      "precision": 0.2514124293785311,
      "recall": 0.2542857142857143,
      "f1-score": 0.25284090909090906,
      "support": 350
    },
    "4": {
      "precision": 0.21153846153846154,
      "recall": 0.03142857142857143,
      "f1-score": 0.05472636815920398,
      "support": 350
    },
    "5": {
      "precision": 0.0,
      "recall": 0.0,
      "f1-score": 0.0,
      "support": 350
    },
    "6": {
      "precision": 0.05350877192982456,
      "recall": 0.1742857142857143,
      "f1-score": 0.08187919463087248,
      "support": 350
    },
    "7": {
      "precision": 0.13541666666666666,
      "recall": 0.14857142857142858,
      "f1-score": 0.14168937329700274,
      "support": 350
    },
    "8": {
      "precision": 0.03678929765886288,
      "recall": 0.15714285714285714,
      "f1-score": 0.05962059620596206,
      "support": 350
    },
    "9": {
      "precision": 1.0,
      "recall": 0.005714285714285714,
      "f1-score": 0.011363636363636362,
      "support": 350
    },
    "10": {
      "precision": 0.0815450643776824,
      "recall": 0.054285714285714284,
      "f1-score": 0.06518010291595197,
      "support": 350
    },
    "11": {
      "precision": 0.29411764705882354,
      "recall": 0.014285714285714285,
      "f1-score": 0.02724795640326975,
      "support": 350
    },
    "12": {
      "precision": 0.0,
      "recall": 0.0,
      "f1-score": 0.0,
      "support": 350
    },
    "13": {
      "precision": 0.11764705882352941,
      "recall": 0.011428571428571429,
      "f1-score": 0.020833333333333336,
      "support": 350
    },
    "14": {
      "precision": 0.28125,
      "recall": 0.12857142857142856,
      "f1-score": 0.1764705882352941,
      "support": 350
    },
    "15": {
      "precision": 0.15333333333333332,
      "recall": 0.06571428571428571,
      "f1-score": 0.09199999999999998,
      "support": 350
    },
    "16": {
      "precision": 0.0,
      "recall": 0.0,
      "f1-score": 0.0,
      "support": 350
    },
    "17": {
      "precision": 0.045178105994787145,
      "recall": 0.14857142857142858,
      "f1-score": 0.06928714190539641,
      "support": 350
    },
    "18": {
      "precision": 0.1553398058252427,
      "recall": 0.09142857142857143,
      "f1-score": 0.11510791366906475,
      "support": 350
    },
    "19": {
      "precision": 0.1610738255033557,
      "recall": 0.06857142857142857,
      "f1-score": 0.09619238476953909,
      "support": 350
    },
    "20": {
      "precision": 0.17708333333333334,
      "recall": 0.04857142857142857,
      "f1-score": 0.07623318385650224,
      "support": 350
    },
    "21": {
      "precision": 0.08421052631578947,
      "recall": 0.13714285714285715,
      "f1-score": 0.10434782608695652,
      "support": 350
    },
    "22": {
      "precision": 0.06418918918918919,
      "recall": 0.32571428571428573,
      "f1-score": 0.10724365004703668,
      "support": 350
    },
    "23": {
      "precision": 0.10480349344978165,
      "recall": 0.06857142857142857,
      "f1-score": 0.08290155440414507,
      "support": 350
    },
    "24": {
      "precision": 0.14249363867684478,
      "recall": 0.32,
      "f1-score": 0.1971830985915493,
      "support": 350
    },
    "25": {
      "precision": 0.23952095808383234,
      "recall": 0.11428571428571428,
      "f1-score": 0.15473887814313347,
      "support": 350
    },
    "26": {
      "precision": 0.09523809523809523,
      "recall": 0.011428571428571429,
      "f1-score": 0.020408163265306124,
      "support": 350
    },
    "27": {
      "precision": 0.1368421052631579,
      "recall": 0.11142857142857143,
      "f1-score": 0.12283464566929134,
      "support": 350
    },
    "28": {
      "precision": 0.14285714285714285,
      "recall": 0.02857142857142857,
      "f1-score": 0.04761904761904761,
      "support": 350
    },
    "29": {
      "precision": 0.08108108108108109,
      "recall": 0.008571428571428572,
      "f1-score": 0.015503875968992248,
      "support": 350
    },
    "30": {
      "precision": 0.0,
      "recall": 0.0,
      "f1-score": 0.0,
      "support": 350
    },
    "31": {
      "precision": 0.12832929782082325,
      "recall": 0.3028571428571429,
      "f1-score": 0.18027210884353742,
      "support": 350
    },
    "32": {
      "precision": 0.11391129032258064,
      "recall": 0.32285714285714284,
      "f1-score": 0.16840536512667661,
      "support": 350
    },
    "accuracy": 0.09645021645021645,
    "macro avg": {
      "precision": 0.14807059597999395,
      "recall": 0.09645021645021645,
      "f1-score": 0.07831913069268985,
      "support": 11550
    },
    "weighted avg": {
      "precision": 0.14807059597999397,
      "recall": 0.09645021645021645,
      "f1-score": 0.07831913069268985,
      "support": 11550
    }
  },
  "val": {
    "0": {
      "precision": 0.0,
      "recall": 0.0,
      "f1-score": 0.0,
      "support": 50
    },
    "1": {
      "precision": 0.08163265306122448,
      "recall": 0.08,
      "f1-score": 0.0808080808080808,
      "support": 50
    },
    "2": {
      "precision": 0.0,
      "recall": 0.0,
      "f1-score": 0.0,
      "support": 50
    },
    "3": {
      "precision": 0.23529411764705882,
      "recall": 0.08,
      "f1-score": 0.11940298507462688,
      "support": 50
    },
    "4": {
      "precision": 0.0,
      "recall": 0.0,
      "f1-score": 0.0,
      "support": 50
    },
    "5": {
      "precision": 0.0,
      "recall": 0.0,
      "f1-score": 0.0,
      "support": 50
    },
    "6": {
      "precision": 0.04281345565749235,
      "recall": 0.28,
      "f1-score": 0.07427055702917772,
      "support": 50
    },
    "7": {
      "precision": 0.21052631578947367,
      "recall": 0.08,
      "f1-score": 0.11594202898550725,
      "support": 50
    },
    "8": {
      "precision": 0.0,
      "recall": 0.0,
      "f1-score": 0.0,
      "support": 50
    },
    "9": {
      "precision": 0.0,
      "recall": 0.0,
      "f1-score": 0.0,
      "support": 50
    },
    "10": {
      "precision": 0.07692307692307693,
      "recall": 0.02,
      "f1-score": 0.03174603174603175,
      "support": 50
    },
    "11": {
      "precision": 0.0,
      "recall": 0.0,
      "f1-score": 0.0,
      "support": 50
    },
    "12": {
      "precision": 0.0,
      "recall": 0.0,
      "f1-score": 0.0,
      "support": 50
    },
    "13": {
      "precision": 0.04827586206896552,
      "recall": 0.14,
      "f1-score": 0.0717948717948718,
      "support": 50
    },
    "14": {
      "precision": 0.08333333333333333,
      "recall": 0.04,
      "f1-score": 0.05405405405405406,
      "support": 50
    },
    "15": {
      "precision": 0.07142857142857142,
      "recall": 0.02,
      "f1-score": 0.03125,
      "support": 50
    },
    "16": {
      "precision": 0.0,
      "recall": 0.0,
      "f1-score": 0.0,
      "support": 50
    },
    "17": {
      "precision": 0.11764705882352941,
      "recall": 0.08,
      "f1-score": 0.09523809523809526,
      "support": 50
    },
    "18": {
      "precision": 0.2,
      "recall": 0.06,
      "f1-score": 0.09230769230769231,
      "support": 50
    },
    "19": {
      "precision": 0.05555555555555555,
      "recall": 0.02,
      "f1-score": 0.029411764705882353,
      "support": 50
    },
    "20": {
      "precision": 0.0,
      "recall": 0.0,
      "f1-score": 0.0,
      "support": 50
    },
    "21": {
      "precision": 0.06944444444444445,
      "recall": 0.1,
      "f1-score": 0.0819672131147541,
      "support": 50
    },