{
  "train": {
    "0": {
      "precision": 0.9326315789473684,
      "recall": 0.6200139958012596,
      "f1-score": 0.7448507776376629,
      "support": 1429
    },
    "1": {
      "precision": 0.3932411674347158,
      "recall": 0.687248322147651,
      "f1-score": 0.5002442598925256,
      "support": 2235
    },
    "2": {
      "precision": 0.3783068783068783,
      "recall": 0.44807520143240825,
      "f1-score": 0.41024590163934427,
      "support": 2234
    },
    "3": {
      "precision": 0.6775808936825886,
      "recall": 0.7856185797230907,
      "f1-score": 0.7276111685625646,
      "support": 2239
    },
    "4": {
      "precision": 0.7379182156133829,
      "recall": 0.2364502680166766,
      "f1-score": 0.3581416328371673,
      "support": 1679
    },
    "5": {
      "precision": 0.7122851686823679,
      "recall": 0.7395902181097158,
      "f1-score": 0.72568093385214,
      "support": 1513
    },
    "6": {
      "precision": 0.6693693693693694,
      "recall": 0.8866348448687351,
      "f1-score": 0.7628336755646817,
      "support": 1676
    },
    "7": {
      "precision": 0.7609663064208518,
      "recall": 0.7125,
      "f1-score": 0.7359360590224407,
      "support": 1680
    },
    "8": {
      "precision": 0.6448220064724919,
      "recall": 0.7144778126400717,
      "f1-score": 0.6778651924303636,
      "support": 2231
    },
    "9": {
      "precision": 0.7392344497607656,
      "recall": 0.8201725282017253,
      "f1-score": 0.7776030198175526,
      "support": 1507
    },
    "10": {
      "precision": 0.7120470127326151,
      "recall": 0.6576209859791949,
      "f1-score": 0.6837526451916295,
      "support": 2211
    },
    "11": {
      "precision": 0.6026365348399246,
      "recall": 0.8575256811076374,
      "f1-score": 0.7078341013824884,
      "support": 2239
    },
    "12": {
      "precision": 0.5111111111111111,
      "recall": 0.7547732696897375,
      "f1-score": 0.6094916887496988,
      "support": 1676
    },
    "13": {
      "precision": 0.902668759811617,
      "recall": 0.684931506849315,
      "f1-score": 0.7788689468337283,
      "support": 1679
    },
    "14": {
      "precision": 0.7868252516010978,
      "recall": 0.513126491646778,
      "f1-score": 0.6211628746840014,
      "support": 1676
    },
    "15": {
      "precision": 0.514479359211337,
      "recall": 0.4973198332340679,
      "f1-score": 0.5057540884312539,
      "support": 1679
    },
    "16": {
      "precision": 0.65876052027544,
      "recall": 0.5128052412150089,
      "f1-score": 0.5766912257200268,
      "support": 1679
    },
    "17": {
      "precision": 0.37854609929078015,
      "recall": 0.3838202247191011,
      "f1-score": 0.38116491854496765,
      "support": 2225
    },
    "18": {
      "precision": 0.8341049382716049,
      "recall": 0.7264784946236559,
      "f1-score": 0.776580459770115,
      "support": 1488
    },
    "19": {
      "precision": 0.35568645219755324,
      "recall": 0.5032051282051282,
      "f1-score": 0.41677727634722594,
      "support": 1560
    },
    "20": {
      "precision": 0.5975526852481305,
      "recall": 0.39755766621438265,
      "f1-score": 0.47745790331341664,
      "support": 2211
    },
    "21": {
      "precision": 0.6228070175438597,
      "recall": 0.6525735294117647,
      "f1-score": 0.637342908438061,
      "support": 1632
    },
    "22": {
      "precision": 0.6827328029948526,
      "recall": 0.868452380952381,
      "f1-score": 0.7644747183652083,
      "support": 1680
    },
    "23": {
      "precision": 0.7939972714870396,
      "recall": 0.6936829558998808,
      "f1-score": 0.7404580152671755,
      "support": 1678
    },
    "24": {
      "precision": 0.8814949863263446,
      "recall": 0.8637784725323805,
      "f1-score": 0.8725468080306791,
      "support": 2239
    },
    "25": {
      "precision": 0.7721617418351477,
      "recall": 0.6328871892925431,
      "f1-score": 0.6956217162872154,
      "support": 1569
    },
    "26": {
      "precision": 0.9124423963133641,
      "recall": 0.5906921241050119,
      "f1-score": 0.7171314741035856,
      "support": 1676
    },
    "27": {
      "precision": 0.894493051981472,
      "recall": 0.7762393925859759,
      "f1-score": 0.8311812529890005,
      "support": 2239
    },
    "28": {
      "precision": 0.7149358709143566,
      "recall": 0.7717731129968736,
      "f1-score": 0.7422680412371133,
      "support": 2239
    },
    "29": {
      "precision": 0.6453451551614946,
      "recall": 0.4551138901295221,
      "f1-score": 0.533787323205867,
      "support": 2239
    },
    "30": {
      "precision": 0.8584598698481561,
      "recall": 0.7082774049217002,
      "f1-score": 0.7761706300563862,
      "support": 2235
    },
    "31": {
      "precision": 0.9552083333333333,
      "recall": 0.81875,
      "f1-score": 0.8817307692307693,
      "support": 2240
    },
    "32": {
      "precision": 0.7842554771630152,
      "recall": 0.9445438282647585,
      "f1-score": 0.8569689592209374,
      "support": 2236
    },
    "accuracy": 0.6668050057463926,
    "macro avg": {
      "precision": 0.6975487495207402,
      "recall": 0.6641427447126708,
      "f1-score": 0.6668554959593027,
      "support": 62648
    },
    "weighted avg": {
      "precision": 0.6936833366541918,
      "recall": 0.6668050057463926,
      "f1-score": 0.6668722988641121,
      "support": 62648
    }
  },
  "val": {
    "0": {
      "precision": 0.8301886792452831,
      "recall": 0.43137254901960786,
      "f1-score": 0.567741935483871,
      "support": 204
    },
    "1": {
      "precision": 0.311284046692607,
      "recall": 0.5015673981191222,
      "f1-score": 0.3841536614645858,
      "support": 319
    },
    "2": {
      "precision": 0.21627906976744185,
      "recall": 0.29153605015673983,
      "f1-score": 0.24833110814419224,
      "support": 319
    },
    "3": {
      "precision": 0.6267409470752089,
      "recall": 0.703125,
      "f1-score": 0.662739322533137,
      "support": 320
    },
    "4": {
      "precision": 0.5930232558139535,
      "recall": 0.2125,
      "f1-score": 0.31288343558282206,
      "support": 240
    },
    "5": {
      "precision": 0.5745614035087719,
      "recall": 0.6064814814814815,
      "f1-score": 0.5900900900900902,
      "support": 216
    },
    "6": {
      "precision": 0.5644171779141104,
      "recall": 0.7666666666666667,
      "f1-score": 0.6501766784452297,
      "support": 240
    },
    "7": {
      "precision": 0.5870646766169154,
      "recall": 0.49166666666666664,
      "f1-score": 0.5351473922902494,
      "support": 240
    },
    "8": {
      "precision": 0.48338368580060426,
      "recall": 0.5015673981191222,
      "f1-score": 0.49230769230769234,
      "support": 319
    },
    "9": {
      "precision": 0.6346153846153846,
      "recall": 0.6139534883720931,
      "f1-score": 0.6241134751773051,
      "support": 215
    },
    "10": {
      "precision": 0.5821428571428572,
      "recall": 0.5158227848101266,
      "f1-score": 0.5469798657718121,
      "support": 316
    },
    "11": {
      "precision": 0.504424778761062,
      "recall": 0.7125,
      "f1-score": 0.5906735751295337,
      "support": 320
    },
    "12": {
      "precision": 0.44021739130434784,
      "recall": 0.675,
      "f1-score": 0.5328947368421053,
      "support": 240
    },
    "13": {
      "precision": 0.7740112994350282,
      "recall": 0.5708333333333333,
      "f1-score": 0.657074340527578,
      "support": 240
    },
    "14": {
      "precision": 0.6524822695035462,
      "recall": 0.38333333333333336,
      "f1-score": 0.4829396325459318,
      "support": 240
    },
    "15": {
      "precision": 0.4024390243902439,
      "recall": 0.4125,
      "f1-score": 0.40740740740740744,
      "support": 240
    },
    "16": {
      "precision": 0.4530386740331492,
      "recall": 0.3416666666666667,
      "f1-score": 0.3895486935866983,
      "support": 240
    },