{
  "train": {
    "loss": 5.694231171546044,
    "acc": 0.09688311688311688,
    "timeuse": 709.1642396450043,
    "Weighted_Precision": 0.09659408623283444,
    "Balanced_acc": 0.09688311688311688,
    "f1_micro": 0.09688311688311689,
    "f1_macro": 0.0759126891661529,
    "f1_weighted": 0.0759126891661529,
    "Top_3_acc": 0.22077922077922077,
    "Top_5_acc": 0.31056277056277054,
    "Top_10_acc": 0.5003463203463203,
    "roc_auc_score(ovr)": 0.6487724257884974,
    "roc_auc_score(ovo)": 0.6487724257884973
  },
  "val": {
    "loss": 6.5118022155761714,
    "acc": 0.07757575757575758,
    "timeuse": 89.38292789459229,
    "Weighted_Precision": 0.07489698876090299,
    "Balanced_acc": 0.07757575757575758,
    "f1_micro": 0.07757575757575758,
    "f1_macro": 0.0622422537082251,
    "f1_weighted": 0.06224225370822511,
    "Top_3_acc": 0.20545454545454545,
    "Top_5_acc": 0.30424242424242426,
    "Top_10_acc": 0.4860606060606061,
    "roc_auc_score(ovr)": 0.631010606060606,
    "roc_auc_score(ovo)": 0.631010606060606
  },
  "test": {
    "loss": 6.3883952215946085,
    "acc": 0.08515151515151514,
    "timeuse": 177.91290640830994,
    "Weighted_Precision": 0.0957522510496371,
    "Balanced_acc": 0.08515151515151514,
    "f1_micro": 0.08515151515151514,
    "f1_macro": 0.07246473177243394,
    "f1_weighted": 0.07246473177243394,
    "Top_3_acc": 0.20727272727272728,
    "Top_5_acc": 0.30454545454545456,
    "Top_10_acc": 0.4815151515151515,
    "roc_auc_score(ovr)": 0.6253419981060606,
    "roc_auc_score(ovo)": 0.6253419981060606
  }
}