{
  "train": {
    "0": {
      "precision": 0.0,
      "recall": 0.0,
      "f1-score": 0.0,
      "support": 350
    },
    "1": {
      "precision": 0.06619663141402272,
      "recall": 0.4828571428571429,
      "f1-score": 0.11643127798828798,
      "support": 350
    },
    "2": {
      "precision": 0.12424849699398798,
      "recall": 0.17714285714285713,
      "f1-score": 0.14605418138987045,
      "support": 350
    },
    "3": {
      "precision": 0.12164073550212164,
      "recall": 0.24571428571428572,
      "f1-score": 0.162724692526017,
      "support": 350
    },
    "4": {
      "precision": 0.15081967213114755,
      "recall": 0.13142857142857142,
      "f1-score": 0.14045801526717555,
      "support": 350
    },
    "5": {
      "precision": 0.0,
      "recall": 0.0,
      "f1-score": 0.0,
      "support": 350
    },
    "6": {
      "precision": 0.0,
      "recall": 0.0,
      "f1-score": 0.0,
      "support": 350
    },
    "7": {
      "precision": 0.0,
      "recall": 0.0,
      "f1-score": 0.0,
      "support": 350
    },
    "8": {
      "precision": 0.08333333333333333,
      "recall": 0.011428571428571429,
      "f1-score": 0.020100502512562814,
      "support": 350
    },
    "9": {
      "precision": 0.23404255319148937,
      "recall": 0.12571428571428572,
      "f1-score": 0.16356877323420074,
      "support": 350
    },
    "10": {
      "precision": 0.12307692307692308,
      "recall": 0.022857142857142857,
      "f1-score": 0.03855421686746988,
      "support": 350
    },
    "11": {
      "precision": 0.09433962264150944,
      "recall": 0.014285714285714285,
      "f1-score": 0.024813895781637715,
      "support": 350
    },
    "12": {
      "precision": 0.1108433734939759,
      "recall": 0.13142857142857142,
      "f1-score": 0.12026143790849672,
      "support": 350
    },
    "13": {
      "precision": 0.0,
      "recall": 0.0,
      "f1-score": 0.0,
      "support": 350
    },
    "14": {
      "precision": 0.12209302325581395,
      "recall": 0.12,
      "f1-score": 0.12103746397694523,
      "support": 350
    },
    "15": {
      "precision": 0.14754098360655737,
      "recall": 0.025714285714285714,
      "f1-score": 0.043795620437956206,
      "support": 350
    },
    "16": {
      "precision": 0.06,
      "recall": 0.12,
      "f1-score": 0.08,
      "support": 350
    },
    "17": {
      "precision": 0.052050473186119876,
      "recall": 0.09428571428571429,
      "f1-score": 0.06707317073170732,
      "support": 350
    },
    "18": {
      "precision": 0.12857142857142856,
      "recall": 0.07714285714285714,
      "f1-score": 0.09642857142857142,
      "support": 350
    },
    "19": {
      "precision": 0.08196721311475409,
      "recall": 0.014285714285714285,
      "f1-score": 0.024330900243308997,
      "support": 350
    },
    "20": {
      "precision": 0.125,
      "recall": 0.005714285714285714,
      "f1-score": 0.010928961748633878,
      "support": 350
    },
    "21": {
      "precision": 0.07291666666666667,
      "recall": 0.02,
      "f1-score": 0.03139013452914798,
      "support": 350
    },
    "22": {
      "precision": 0.36551724137931035,
      "recall": 0.15142857142857144,
      "f1-score": 0.21414141414141416,
      "support": 350
    },
    "23": {
      "precision": 0.0933852140077821,
      "recall": 0.06857142857142857,
      "f1-score": 0.07907742998352554,
      "support": 350
    },
    "24": {
      "precision": 0.11745513866231648,
      "recall": 0.4114285714285714,
      "f1-score": 0.18274111675126906,
      "support": 350
    },
    "25": {
      "precision": 0.09010339734121123,
      "recall": 0.1742857142857143,
      "f1-score": 0.11879259980525803,
      "support": 350
    },
    "26": {
      "precision": 0.15853658536585366,
      "recall": 0.037142857142857144,
      "f1-score": 0.06018518518518519,
      "support": 350
    },
    "27": {
      "precision": 0.12734864300626306,
      "recall": 0.1742857142857143,
      "f1-score": 0.1471652593486128,
      "support": 350
    },
    "28": {
      "precision": 0.07692307692307693,
      "recall": 0.025714285714285714,
      "f1-score": 0.03854389721627409,
      "support": 350
    },
    "29": {
      "precision": 0.06593406593406594,
      "recall": 0.017142857142857144,
      "f1-score": 0.0272108843537415,
      "support": 350
    },
    "30": {
      "precision": 0.045662100456621,
      "recall": 0.14285714285714285,
      "f1-score": 0.06920415224913495,
      "support": 350
    },
    "31": {
      "precision": 0.14805825242718446,
      "recall": 0.1742857142857143,
      "f1-score": 0.1601049868766404,
      "support": 350
    },
    "32": {
      "precision": 0.0,
      "recall": 0.0,
      "f1-score": 0.0,
      "support": 350
    },
    "accuracy": 0.09688311688311688,
    "macro avg": {
      "precision": 0.09659408623283446,
      "recall": 0.09688311688311688,
      "f1-score": 0.0759126891661529,
      "support": 11550
    },
    "weighted avg": {
      "precision": 0.09659408623283444,
      "recall": 0.09688311688311688,
      "f1-score": 0.0759126891661529,
      "support": 11550
    }
  },
  "val": {
    "0": {
      "precision": 0.0,
      "recall": 0.0,
      "f1-score": 0.0,
      "support": 50
    },
    "1": {
      "precision": 0.04522613065326633,
      "recall": 0.18,
      "f1-score": 0.07228915662650603,
      "support": 50
    },
    "2": {
      "precision": 0.08,
      "recall": 0.04,
      "f1-score": 0.05333333333333334,
      "support": 50
    },
    "3": {
      "precision": 0.1016949152542373,
      "recall": 0.24,
      "f1-score": 0.14285714285714285,
      "support": 50
    },
    "4": {
      "precision": 0.07575757575757576,
      "recall": 0.1,
      "f1-score": 0.08620689655172413,
      "support": 50
    },
    "5": {
      "precision": 0.0,
      "recall": 0.0,
      "f1-score": 0.0,
      "support": 50
    },
    "6": {
      "precision": 0.0,
      "recall": 0.0,
      "f1-score": 0.0,
      "support": 50
    },
    "7": {
      "precision": 0.0,
      "recall": 0.0,
      "f1-score": 0.0,
      "support": 50
    },
    "8": {
      "precision": 0.0,
      "recall": 0.0,
      "f1-score": 0.0,
      "support": 50
    },
    "9": {
      "precision": 0.19047619047619047,
      "recall": 0.08,
      "f1-score": 0.11267605633802817,
      "support": 50
    },
    "10": {
      "precision": 0.125,
      "recall": 0.02,
      "f1-score": 0.03448275862068966,
      "support": 50
    },
    "11": {
      "precision": 0.09523809523809523,
      "recall": 0.04,
      "f1-score": 0.056338028169014086,
      "support": 50
    },
    "12": {
      "precision": 0.08064516129032258,
      "recall": 0.1,
      "f1-score": 0.08928571428571427,
      "support": 50
    },
    "13": {
      "precision": 0.0,
      "recall": 0.0,
      "f1-score": 0.0,
      "support": 50
    },
    "14": {
      "precision": 0.13333333333333333,
      "recall": 0.04,
      "f1-score": 0.061538461538461535,
      "support": 50
    },
    "15": {
      "precision": 0.1,
      "recall": 0.02,
      "f1-score": 0.03333333333333333,
      "support": 50
    },
    "16": {
      "precision": 0.04838709677419355,
      "recall": 0.12,
      "f1-score": 0.0689655172413793,
      "support": 50
    },
    "17": {
      "precision": 0.017094017094017096,
      "recall": 0.04,
      "f1-score": 0.023952095808383235,
      "support": 50
    },
    "18": {
      "precision": 0.06097560975609756,
      "recall": 0.1,
      "f1-score": 0.07575757575757576,
      "support": 50
    },
    "19": {
      "precision": 0.0,
      "recall": 0.0,
      "f1-score": 0.0,
      "support": 50
    },
    "20": {
      "precision": 0.25,
      "recall": 0.02,
      "f1-score": 0.037037037037037035,
      "support": 50
    },
    "21": {
      "precision": 0.0,
      "recall": 0.0,
      "f1-score": 0.0,
      "support": 50
    },
    "22": {
      "precision": 0.3409090909090909,
      "recall": 0.3,