{
  "train": {
    "loss": 8.449782899963907,
    "acc": 0.03961038961038961,
    "timeuse": 39.42169666290283,
    "Weighted_Precision": 0.01999050411956308,
    "Balanced_acc": 0.03961038961038961,
    "f1_micro": 0.03961038961038961,
    "f1_macro": 0.01302068115190511,
    "f1_weighted": 0.01302068115190511,
    "Top_3_acc": 0.10649350649350649,
    "Top_5_acc": 0.17922077922077922,
    "Top_10_acc": 0.3207792207792208,
    "roc_auc_score(ovr)": 0.5559351567331479,
    "roc_auc_score(ovo)": 0.5559351567331479
  },
  "val": {
    "loss": 8.686004066467286,
    "acc": 0.05,
    "timeuse": 4.663038730621338,
    "Weighted_Precision": 0.028989338977620495,
    "Balanced_acc": 0.05,
    "f1_micro": 0.05000000000000001,
    "f1_macro": 0.018093491750594125,
    "f1_weighted": 0.018093491750594128,
    "Top_3_acc": 0.11363636363636363,
    "Top_5_acc": 0.1787878787878788,
    "Top_10_acc": 0.3303030303030303,
    "roc_auc_score(ovr)": 0.5231321022727273,
    "roc_auc_score(ovo)": 0.5231321022727273
  },
  "test": {
    "loss": 8.679232776526248,
    "acc": 0.048484848484848485,
    "timeuse": 9.272521018981934,
    "Weighted_Precision": 0.030169551744675633,
    "Balanced_acc": 0.04848484848484848,
    "f1_micro": 0.048484848484848485,
    "f1_macro": 0.02145501609344764,
    "f1_weighted": 0.021455016093447635,
    "Top_3_acc": 0.11515151515151516,
    "Top_5_acc": 0.175,
    "Top_10_acc": 0.3151515151515151,
    "roc_auc_score(ovr)": 0.5435245028409091,
    "roc_auc_score(ovo)": 0.543524502840909
  }
}